22704|WRAP RED APPLES |8400
21933|PINK VINTAGE PAISLEY PICNIC BAG|49200
22081|RIBBON REEL FLORA + FAUNA |33000
22131|FOOD CONTAINER SET 3 LOVE HEART |82600
22989|SET 2 PANTRY DESIGN TEA TOWELS|55000
22629|SPACEBOY LUNCH BOX |33000
21615|4 LAVENDER BOTANICAL DINNER CANDLES|25000
35651|VINTAGE BEAD PINK SCARF |67200
22966|GINGERBREAD MAN COOKIE CUTTER|49200
84375|SET OF 20 KIDS COOKIE CUTTERS|42000
21524|DOORMAT SPOTTY HOME SWEET HOME|315800
23006|TRAVEL CARD WALLET FLOWER MEADOW|8400
85099C|JUMBO  BAG BAROQUE BLACK WHITE|41600
22580|ADVENT CALENDAR GINGHAM SACK|119000
22361|GLASS JAR DAISY FRESH COTTON WOOL|115800
21932|SCANDINAVIAN PAISLEY PICNIC BAG|33000
20704|MR ROBOT SOFT TOY|39000
21426|WOODLAND STORAGE BOX SMALL|99200
47594B|SCOTTIES DESIGN WASHBAG|33200
22910|PAPER CHAIN KIT VINTAGE CHRISTMAS|59000
22386|JUMBO BAG PINK POLKADOT|82600
90186A|AMETHYST HOOP EARRING FLORAL LEAF|59200
22785|SQUARECUSHION COVER PINK UNION JACK|135000
47566|PARTY BUNTING|99000
22428|ENAMEL FIRE BUCKET CREAM|139000
84673A|PINK FLY SWAT|13000
85123A|WHITE HANGING HEART T-LIGHT HOLDER|59000
22327|ROUND SNACK BOXES SET OF 4 SKULLS|59000
22355|CHARLOTTE BAG SUKI DESIGN|32600
20775|DAISY NOTEBOOK |32600
23317|BLUE REFECTORY CLOCK |199000
48187|DOORMAT NEW ENGLAND|159000
22993|SET OF 4 PANTRY JELLY MOULDS|25000
POST|POSTAGE|560000
22393|PAPERWEIGHT VINTAGE COLLAGE|51000
22775|PURPLE DRAWERKNOB ACRYLIC EDWARDIAN|25000
22557|PLASTERS IN TIN VINTAGE PAISLEY |33000
23582|VINTAGE DOILY JUMBO BAG RED |41600
82552|WASHROOM METAL SIGN|29000
85152|HAND OVER THE CHOCOLATE   SIGN |42000
16237|SLEEPING CAT ERASERS|4200
23232|WRAP VINTAGE LEAF DESIGN|8400
22383|LUNCH BAG SUKI  DESIGN |33000
23146|TRIPLE HOOK ANTIQUE IVORY ROSE|65800
21246|RED RETROSPOT BIG BOWL|82600
15056P|EDWARDIAN PARASOL PINK|119000
22417|PACK OF 60 SPACEBOY CAKE CASES|11000
22291|HANGING CHICK CREAM DECORATION|29000
23358|HOT STUFF HOT WATER BOTTLE|75000
35004B|SET OF 3 BLACK FLYING DUCKS|115800
20970|PINK FLORAL FELTCRAFT SHOULDER BAG|149200
22722|SET OF 6 SPICE TINS PANTRY DESIGN|82600
85049A|TRADITIONAL CHRISTMAS RIBBONS|25000
22723|SET OF 6 HERB TINS SKETCHBOOK|79000
21936|RED RETROSPOT PICNIC BAG|59000
84927F|PSYCHEDELIC TILE HOOK|7800
22045|SPACEBOY GIFT WRAP|8400
37448|CERAMIC CAKE DESIGN SPOTTED MUG|29800
21090|SET/6 COLLAGE PAPER PLATES|16600
21470|FLOWER VINE RAFFIA FOOD COVER|75000
21892|TRADITIONAL WOODEN CATCH CUP GAME |49200
20725|LUNCH BAG RED RETROSPOT|33000
22994|TRAVEL CARD WALLET RETROSPOT|8400
22797|CHEST OF DRAWERS GINGHAM HEART |339000
22906|12 MESSAGE CARDS WITH ENVELOPES|33000
22979|PANTRY WASHING UP BRUSH|65800
21867|PINK UNION JACK  LUGGAGE TAG|25000
22026|BANQUET BIRTHDAY  CARD  |8400
20749|ASSORTED COLOUR MINI CASES|159000
15056N|EDWARDIAN PARASOL NATURAL|119000
21156|RETROSPOT CHILDRENS APRON|39000
84997D|PINK 3 PIECE POLKADOT CUTLERY SET|75000
23284|DOORMAT KEEP CALM AND COME IN|159000
22024|RAINY LADIES BIRTHDAY CARD|16600
20718|RED RETROSPOT SHOPPER BAG|49200
22149|FELTCRAFT 6 FLOWER FRIENDS|42000
22626|BLACK KITCHEN SCALES|170000
21912|VINTAGE SNAKES & LADDERS|75000
22890|NOVELTY BISCUITS CAKE STAND 3 TIER|199000
21643|ASSORTED TUTTI FRUTTI MIRROR|50200
23274|STAR T-LIGHT HOLDER WILLIE WINKIE|33000
22035|VINTAGE CARAVAN GREETING CARD |16600
22638|SET OF 4 NAPKIN CHARMS CROWNS |32600
22156|HEART DECORATION WITH PEARLS |17000
23298|SPOTTY BUNTING|99000
23245|SET OF 3 REGENCY CAKE TINS|215800
20724|RED RETROSPOT CHARLOTTE BAG|14400
23343|JUMBO BAG VINTAGE CHRISTMAS |41600
23490|T-LIGHT HOLDER HANGING LOVE BIRD|75000
22178|VICTORIAN GLASS HANGING T-LIGHT|25000
22161|HEART DECORATION RUSTIC HANGING |16200
22176|BLUE OWL SOFT TOY|59000
22622|BOX OF VINTAGE ALPHABET BLOCKS|170000
21471|STRAWBERRY RAFFIA FOOD COVER|65800
23399|HOME SWEET HOME HANGING HEART|17000
21931|JUMBO STORAGE BAG SUKI|41600
22780|LIGHT GARLAND BUTTERFILES PINK|85000
22429|ENAMEL MEASURING JUG CREAM|85000
21155|RED RETROSPOT PEG BAG|99200
22951|60 CAKE CASES DOLLY GIRL DESIGN|11000
85049H|URBAN BLACK RIBBONS |16600
21558|SKULL LUNCH BOX WITH CUTLERY |51000
21329|DINOSAURS  WRITING SET |33000
85038|6 CHOCOLATE LOVE HEART T-LIGHTS|84200
22699|ROSES REGENCY TEACUP AND SAUCER |59000
90214D|LETTER "D" BLING KEY RING|16600
21181|PLEASE ONE PERSON METAL SIGN|42000
21429|RED GINGHAM ROSE JEWELLERY BOX|67200
22439|6 ROCKET BALLOONS |25000
84946|ANTIQUE SILVER T-LIGHT GLASS|25000
22616|PACK OF 12 LONDON TISSUES |7800
22546|MINI JIGSAW PURDEY|16600
22834|HAND WARMER BABUSHKA DESIGN|99200
23280|FOLDING BUTTERFLY MIRROR HOT PINK |16600
23256|CHILDRENS CUTLERY SPACEBOY |83000
22193|RED DINER WALL CLOCK|170000
22414|DOORMAT NEIGHBOURHOOD WITCH |288600
21041|RED RETROSPOT OVEN GLOVE DOUBLE|118200
22467|GUMBALL COAT RACK|51000
22219|LOVEBIRD HANGING DECORATION WHITE |17000
23619|SET 10 CARDS POINSETTIA 17093|49800
23094|LE GRAND TRAY CHIC SET|250000
22911|PAPER CHAIN KIT LONDON|118200
20846|ZINC HEART LATTICE T-LIGHT HOLDER|49200
72816|SET/3 CHRISTMAS DECOUPAGE CANDLES|49200
22329|ROUND CONTAINER SET OF 5 RETROSPOT|33000
35916B|BLUE FELT HANGING HEART WITH FLOWER|12600
22634|CHILDS BREAKFAST SET SPACEBOY |399200
84950|ASSORTED COLOUR T-LIGHT HOLDER|11000
23367|SET 12 COLOUR PENCILS SPACEBOY |25000
22610|PENS ASSORTED FUNNY FACE|3800
22960|JAM MAKING SET WITH JARS|85000
22846|BREAD BIN DINER STYLE RED |339000
21942|SKULLS DESIGN FLANNEL|33200
22649|STRAWBERRY FAIRY CAKE TEAPOT|99000
23202|JUMBO BAG VINTAGE LEAF|41600
84978|HANGING HEART JAR T-LIGHT HOLDER|25000
23437| 50'S CHRISTMAS GIFT BAG LARGE|25000
90196A|PURPLE GEMSTONE NECKLACE 45CM|255000
23510|MINI PLAYING CARDS GYMKHANA|8400
21232|STRAWBERRY CERAMIC TRINKET BOX|25000
84596F|SMALL MARSHMALLOWS PINK BOWL|16600
22261|FELT EGG COSY WHITE RABBIT |17000
90016B|GOLD/M.O.P PENDANT ORBIT NECKLACE|170000
23084|RABBIT NIGHT LIGHT|82600
21159|MOODY BOY  DOOR HANGER |7800
84609|TALL ROCOCO CANDLE HOLDER|170000
21559|STRAWBERRY LUNCH BOX WITH CUTLERY|51000
21121|SET/10 RED POLKADOT PARTY CANDLES|25000
22423|REGENCY CAKESTAND 3 TIER|255000
20977|36 PENCILS TUBE WOODLAND|25000
21703|BAG 125g SWIRLY MARBLES|8400
21754|HOME BUILDING BLOCK WORD|125000
C2|CARRIAGE|1e+06
84378|SET OF 3 HEART COOKIE CUTTERS|29000
22839|3 TIER CAKE TIN GREEN AND CREAM|299000
82484|WOOD BLACK BOARD ANT WHITE FINISH|332600
21981|PACK OF 12 WOODLAND TISSUES |5800
20726|LUNCH BAG WOODLAND|33000
22635|CHILDS BREAKFAST SET DOLLY GIRL |199000
90036D|FLOWER GLASS GARLAND NECKL.36"BLACK|159000
22569|FELTCRAFT CUSHION BUTTERFLY|75000
22158|3 HEARTS HANGING DECORATION RUSTIC|59000
20723|STRAWBERRY CHARLOTTE BAG|17000
21934|SKULL SHOULDER BAG|65800
21034|REX CASH+CARRY JUMBO SHOPPER|19000
22675|FRENCH KITCHEN SIGN BLUE METAL|25000
21033|JUMBO BAG CHARLIE AND LOLA TOYS|59000
21899|GARAGE KEY FOB|13000
21240|BLUE POLKADOT CUP|32600
21883|STARS GIFT TAPE |13000
82482|WOODEN PICTURE FRAME WHITE FINISH|51000
23292|SPACEBOY CHILDRENS CUP|25000
84692|BOX OF 24 COCKTAIL PARASOLS|6400
21211|SET OF 72 SKULL PAPER  DOILIES|29000
82578|KITCHEN METAL SIGN|11000
22869|NUMBER TILE COTTAGE GARDEN 1|82600
23529|WALL ART DOLLY GIRL |75000
23177|TREASURE ISLAND BOOK BOX|45000
22721|SET OF 3 CAKE TINS SKETCHBOOK|39000
22697|GREEN REGENCY TEACUP AND SAUCER|51000
23004|TRAVEL CARD WALLET PANTRY|8400
21061|PARTY INVITES FOOTBALL|17000
22139|RETROSPOT TEA SET CERAMIC 11 PC |99000
22950|36 DOILIES VINTAGE CHRISTMAS|58400
22556|PLASTERS IN TIN CIRCUS PARADE |33000
22801|ANTIQUE GLASS PEDESTAL BOWL|75000
22309|TEA COSY RED  STRIPE|51000
21733|RED HANGING HEART T-LIGHT HOLDER|59000
23182|TOILET SIGN OCCUPIED OR VACANT|16600
23251|VINTAGE RED ENAMEL TRIM MUG |25000
23190|BUNDLE OF 3 SCHOOL EXERCISE BOOKS  |33000
82494L|WOODEN FRAME ANTIQUE WHITE |59000
23511|EMBROIDERED RIBBON REEL EMILY |41600
48129|DOORMAT TOPIARY|159000
22230|JIGSAW TREE WITH WATERING CAN|17000
90103|PURPLE FRANGIPANI NECKLACE|49600
22964|3 PIECE SPACEBOY COOKIE CUTTER SET|42000
84836|ZINC METAL HEART DECORATION|49200
22679|FRENCH BLUE METAL DOOR SIGN 4|25000
84952C||0
22508|DOORSTOP RETROSPOT HEART|75000
22141|CHRISTMAS CRAFT TREE TOP ANGEL|42000
20685|DOORMAT RED RETROSPOT|159000
23390|DOLLY GIRL MINI BACKPACK|83000
21288|STRIPEY CHOCOLATE NESTING BOXES|65800
22464|HANGING METAL HEART LANTERN|65800
22111|SCOTTIE DOG HOT WATER BOTTLE|99000
22064|PINK DOUGHNUT TRINKET POT |7800
22287|DECORATION , WOBBLY CHICKEN, METAL |33000
22549|PICTURE DOMINOES|29000
23356|LOVE HOT WATER BOTTLE|119000
84569D|PACK 6 HEART/ICE-CREAM PATCHES|17000
21124|SET/10 BLUE POLKADOT PARTY CANDLES|25000
21199|PINK  HEART CONFETTI IN TUBE|16600
85174|S/4 CACTI CANDLES|99000
22181|SNOWSTORM PHOTO FRAME FRIDGE MAGNET|17000
22840|ROUND CAKE TIN VINTAGE RED|159000
20711|JUMBO BAG TOYS |41600
21169|YOU'RE CONFUSING ME METAL SIGN |82600
84596G|SMALL CHOCOLATES PINK BOWL|16600
22795|SWEETHEART RECIPE BOOK STAND|271400
90093|CLEAR CRYSTAL STAR PHONE CHARM|32600
23494|VINTAGE DOILY DELUXE SEWING KIT |119000
23227|FILIGREE HEART BUTTERFLY WHITE |25000
23207|LUNCH BAG ALPHABET DESIGN|33000
22726|ALARM CLOCK BAKELIKE GREEN|165800
22195|LARGE HEART MEASURING SPOONS|67200
21379|CAMPHOR WOOD PORTOBELLO MUSHROOM|49200
84879|ASSORTED COLOUR BIRD ORNAMENT|33800
85032C|CURIOUS IMAGES GIFT WRAP SET|32600
23351|ROLL WRAP 50'S CHRISTMAS|25000
22456|NATURAL SLATE CHALKBOARD LARGE |99000
21253|SET OF PICTURE FRAME  STICKERS|115800
23266|SET OF 3 WOODEN STOCKING DECORATION|25000
22470|HEART OF WICKER LARGE|59000
22937|BAKING MOULD CHOCOLATE CUPCAKES|51000
22411|JUMBO SHOPPER VINTAGE RED PAISLEY|82600
21874|GIN AND TONIC MUG|33000
85175|CACTI T-LIGHT CANDLES|8400
22915|ASSORTED BOTTLE TOP  MAGNETS |8400
23341|PINK DINER WALL CLOCK|332600
23050|RECYCLED ACAPULCO MAT GREEN|165000
21179|NO JUNK MAIL METAL SIGN|32600
23530|WALL ART ONLY ONE PERSON |99000
37450|CERAMIC CAKE BOWL + HANGING CAKES|59000
22093|MOTORING TISSUE BOX|7800
22338|STAR DECORATION PAINTED ZINC |3800
21500|PINK POLKADOT WRAP |8400
20702|PINK PADDED MOBILE|85000
84380|SET OF 3 BUTTERFLY COOKIE CUTTERS|25000
22499|WOODEN UNION JACK BUNTING|119000
22027|TEA PARTY BIRTHDAY CARD|16600
20727|LUNCH BAG  BLACK SKULL.|33000
22211|WOOD STAMP SET FLOWERS|16600
22712|CARD DOLLY GIRL |8400
21272|SALLE DE BAIN HOOK|49200
21989|PACK OF 20 SKULL PAPER NAPKINS|50200
22781|GUMBALL MAGAZINE RACK|153000
23506|MINI PLAYING CARDS SPACEBOY |8400
23199|JUMBO BAG APPLES|41600
22365|DOORMAT RESPECTABLE HOUSE|91600
21306|SET/4 DAISY MIRROR MAGNETS|5800
22805|BLUE DRAWER KNOB ACRYLIC EDWARDIAN|49200
22645|CERAMIC HEART FAIRY CAKE MONEY BANK|29000
21213|PACK OF 72 SKULL CAKE CASES|11000
22621|TRADITIONAL KNITTING NANCY|29000
22998|TRAVEL CARD WALLET KEEP CALM|16600
21623|VINTAGE UNION JACK MEMOBOARD|199000
22921|HERB MARKER CHIVES |13000
22973|CHILDREN'S CIRCUS PARADE MUG|65800
51008|AFGHAN SLIPPER SOCK PAIR|69000
23230|WRAP ALPHABET DESIGN|8400
22286|DECORATION , WOBBLY RABBIT , METAL |65800
22655|VINTAGE RED KITCHEN CABINET|2500000
85066|CREAM SWEETHEART MINI CHEST|255000
84945|MULTI COLOUR SILVER T-LIGHT HOLDER|17000
35968|FOLK ART METAL HEART T-LIGHT HOLDER|4000
23370|SET 36 COLOURING PENCILS DOILY|25000
22107|PIZZA PLATE IN BOX|65800
71101E|STANDING FAIRY POLE SUPPORT |17000
22089|PAPER BUNTING VINTAGE PAISLEY|59000
21900|KEY FOB , SHED|13000
22356|CHARLOTTE BAG PINK POLKADOT|17000
21218|RED SPOTTY BISCUIT TIN|65000
23113|PANTRY CHOPPING BOARD|99000
21361|LOVE LARGE WOOD LETTERS |255000
22720|SET OF 3 CAKE TINS PANTRY DESIGN |99000
22558|CLOTHES PEGS RETROSPOT PACK 24 |33000
21063|PARTY INVITES JAZZ HEARTS|17000
22481|BLACK TEA TOWEL CLASSIC DESIGN|16600
21251|DINOSAUR HEIGHT CHART STICKER SET|118200
21455|PAINTED YELLOW WOODEN DAISY|16600
21507|ELEPHANT, BIRTHDAY CARD, |8400
23566|EGG CUP MILKMAID HEIDI|49200
82581|TOILET METAL SIGN|25000
23458|DOLLY CABINET 3 DRAWERS |299000
21914|BLUE HARMONICA IN BOX |25000
21158|MOODY GIRL DOOR HANGER |29000
23379|PACK OF 12 RED APPLE TISSUES|7800
72807a|SET/3 ROSE CANDLE IN JEWELLED BOX|165800
84884A|ANT WHITE WIRE HEART SPIRAL|67800
35241|ENAMEL BLUE RIM BISCUIT BIN|82600
37340|MULTICOLOUR SPRING FLOWER MUG|7800
22865|HAND WARMER OWL DESIGN|35800
21465|PINK FLOWER CROCHET FOOD COVER|75000
21216|SET 3 RETROSPOT TEA,COFFEE,SUGAR|215800
23545|WRAP RED VINTAGE DOILY|8400
22738|RIBBON REEL SNOWY VILLAGE|33000
21629|SQUARE FLOOR CUSHION VINTAGE RED|159000
22433|WATERING CAN GREEN DINOSAUR|82600
22784|LANTERN CREAM GAZEBO |99000
72586|SET OF 6 HALLOWEEN GHOST T-LIGHTS|8400
21871|SAVE THE PLANET MUG|25000
21617|4 LILY  BOTANICAL DINNER CANDLES|50200
22666|RECIPE BOX PANTRY YELLOW DESIGN|59000
21427|SKULLS STORAGE BOX SMALL|99200
21137|BLACK RECORD COVER FRAME|75000
85194S|HANGING SPRING FLOWER EGG SMALL|3800
22097|SWALLOW SQUARE TISSUE BOX|7800
22560|TRADITIONAL MODELLING CLAY|25000
22570|FELTCRAFT CUSHION RABBIT|75000
84077|WORLD WAR 2 GLIDERS ASSTD DESIGNS|5800
21891|TRADITIONAL WOODEN SKIPPING ROPE|29000
21944|KITTENS DESIGN FLANNEL|32600
72800D|4 BLUE DINNER CANDLES SILVER FLOCK|51000
22625|RED KITCHEN SCALES|170000
23167|SMALL CERAMIC TOP STORAGE JAR |16600
85049E|SCANDINAVIAN REDS RIBBONS|50200
22531|MAGIC DRAWING SLATE CIRCUS PARADE  |8400
21086|SET/6 RED SPOTTY PAPER CUPS|13000
22431|WATERING CAN BLUE ELEPHANT|39000
22995|TRAVEL CARD WALLET SUKI|16600
22980|PANTRY SCRUBBING BRUSH|33000
23404|HOME SWEET HOME BLACKBOARD|215800
21165|BEWARE OF THE CAT METAL SIGN |33800
23103|JINGLE BELL HEART DECORATION|65800
23288|GREEN VINTAGE SPOT BEAKER|17000
22402|MAGNETS PACK OF 4 VINTAGE COLLAGE|7800
84032B|CHARLIE + LOLA RED HOT WATER BOTTLE|67200
21281|VINTAGE KITCHEN PRINT SEAFOOD|101200
23052|RECYCLED ACAPULCO MAT TURQUOISE|165000
23154|SET OF 4 JAM JAR MAGNETS|41600
22171|3 HOOK PHOTO SHELF ANTIQUE WHITE|170000
23523|WALL ART TREASURE AHOY |75000
85017C|ENVELOPE 50 CURIOUS IMAGES|17000
17129F|BLUE GLASS GEMS IN BAG|32600
22478|BIRDHOUSE GARDEN MARKER |49200
22978|PANTRY ROLLING PIN|75000
22322|BIRD DECORATION GREEN POLKADOT|17000
22191|IVORY DINER WALL CLOCK|170000
46118|FUNKY MONKEY CUSHION COVER|67200
15060B|FAIRY CAKE DESIGN UMBRELLA|165800
21755|LOVE BUILDING BLOCK WORD|119000
47566B|reverse previous adjustment|0
82001S|SILVER RECORD COVER FRAME|75000
23076|ICE CREAM SUNDAE LIP GLOSS|25000
23250|VINTAGE RED TRIM ENAMEL BOWL |25000
90162B|ANT SILVER LIME GREEN BOUDICCA RING|59000
21937|STRAWBERRY   PICNIC BAG|115800
22577|WOODEN HEART CHRISTMAS SCANDINAVIAN|5800
21790|VINTAGE SNAP CARDS|32600
84569A|PACK 3 IRON ON DOG PATCHES|17000
22984|CARD GINGHAM ROSE |16600
84796B|BLUE SAVANNAH PICNIC HAMPER FOR 2|165800
21109|LARGE CAKE TOWEL CHOCOLATE SPOTS|39000
22379|RECYCLING BAG RETROSPOT |82600
23357|HOT WATER BOTTLE SEX BOMB|99000
85178|VICTORIAN SEWING KIT|49200
82551|LAUNDRY 15C METAL SIGN|49200
20969|RED FLORAL FELTCRAFT SHOULDER BAG|65800
21705|BAG 500g SWIRLY MARBLES|33000
84969|BOX OF 6 ASSORTED COLOUR TEASPOONS|65800
48185|DOORMAT FAIRY CAKE|282600
22168|ORGANISER WOOD ANTIQUE WHITE |170000
21975|PACK OF 60 DINOSAUR CAKE CASES|11000
22659|LUNCH BOX I LOVE LONDON|39000
22844|VINTAGE CREAM DOG FOOD CONTAINER|170000
22084|PAPER CHAIN KIT EMPIRE|59000
21062|PARTY INVITES SPACEMAN|17000
85177|BASKET OF FLOWERS SEWING KIT|17000
23008|DOLLY GIRL BABY GIFT SET|339000
90201A|PURPLE ENAMEL FLOWER RING|59000
84997b|CHILDRENS CUTLERY RETROSPOT RED |165800
22948|METAL DECORATION NAUGHTY CHILDREN |135400
23083|SET 6 PAPER TABLE LANTERN STARS |75000
20978|36 PENCILS TUBE SKULLS|25000
22187|GREEN CHRISTMAS TREE CARD HOLDER|39000
23196|VINTAGE LEAF MAGNETIC NOTEPAD|29000
22794|SWEETHEART WIRE MAGAZINE RACK|159000
21756|BATH BUILDING BLOCK WORD|119000
22952|60 CAKE CASES VINTAGE CHRISTMAS|25600
22326|ROUND SNACK BOXES SET OF4 WOODLAND |51000
84029G|KNITTED UNION FLAG HOT WATER BOTTLE|165800
22636|CHILDS BREAKFAST SET CIRCUS PARADE|170000
84356|POMPOM CURTAIN|119000
21509|COWBOYS AND INDIANS BIRTHDAY CARD |8400
22063|CERAMIC BOWL WITH STRAWBERRY DESIGN|59000
21668|RED STRIPE CERAMIC DRAWER KNOB|25000
21654|RIDGED GLASS FINGER BOWL|7800
21084|SET/6 COLLAGE PAPER CUPS|3800
22364|GLASS JAR DIGESTIVE BISCUITS|59000
21116|OWL DOORSTOP|0
71053|WHITE METAL LANTERN|75000
21904|HOUSE WRECKING METAL SIGN |42000
51014A|FEATHER PEN,HOT PINK|7800
22086|PAPER CHAIN KIT 50'S CHRISTMAS |132600
21730|GLASS STAR FROSTED T-LIGHT HOLDER|99000
22571|ROCKING HORSE RED CHRISTMAS |17000
23242|TREASURE TIN BUFFALO BILL |41600
22933|BAKING MOULD EASTER EGG MILK CHOC|59000
23204|CHARLOTTE BAG APPLES DESIGN|17000
21094|SET/6 RED SPOTTY PAPER PLATES|17000
22891|TEA FOR ONE POLKADOT|165800
22229|BUNNY WOODEN PAINTED WITH FLOWER |16600
22647|CERAMIC LOVE HEART MONEY BANK|29000
23554|LANDMARK FRAME OXFORD STREET|250000
22866|HAND WARMER SCOTTY DOG DESIGN|42000
22210|WOOD STAMP SET BEST WISHES|16600
21621|VINTAGE UNION JACK BUNTING|170000
90003D|CRYSTAL PAIR HEART HAIR SLIDES|74600
22736|RIBBON REEL MAKING SNOWMEN |33000
23294|SET OF 6 SNACK LOAF BAKING CASES|49200
71459|HANGING JAM JAR T-LIGHT HOLDER|17000
85212|MINI PAINTED GARDEN DECORATION |5800
84970S|HANGING HEART ZINC T-LIGHT HOLDER|41600
22077|6 RIBBONS RUSTIC CHARM|39000
22971|QUEENS GUARD COFFEE MUG|51000
22303|COFFEE MUG APPLES DESIGN|51000
23012|GLASS APOTHECARY BOTTLE PERFUME|165800
21555|CERAMIC STRAWBERRY TRINKET TRAY|49200
22074|6 RIBBONS SHIMMERING PINKS |17000
22854|CREAM SWEETHEART EGG HOLDER|99000
22112|CHOCOLATE HOT WATER BOTTLE|249200
85099B|JUMBO BAG RED RETROSPOT|41600
23091|ZINC HERB GARDEN CONTAINER|125000
90165A|PINK ROSEBUD PEARL EARRINGS|49600
23355|HOT WATER BOTTLE KEEP CALM|99000
22667|RECIPE BOX RETROSPOT |59000
22727|ALARM CLOCK BAKELIKE RED |75000
21557|SET OF 6 FUNKY BEAKERS|114800
22585|PACK OF 6 BIRDY GIFT TAGS|25000
35970|ZINC FOLKART SLEIGH BELLS|29800
23331|DECORATIVE WICKER HEART SMALL|12600
23222|CHRISTMAS TREE HANGING GOLD|16600
22849|BREAD BIN DINER STYLE MINT|339000
21773|DECORATIVE ROSE BATHROOM BOTTLE|8400
22628|PICNIC BOXES SET OF 3 RETROSPOT |99000
20728|LUNCH BAG CARS BLUE|82600
22457|NATURAL SLATE HEART CHALKBOARD |59000
22492|MINI PAINT SET VINTAGE |13000
48116|DOORMAT MULTICOLOUR STRIPE|288600
72801C|4 ROSE PINK DINNER CANDLES|25000
22812|PACK 3 BOXES CHRISTMAS PANETTONE|82600
23337|EGG FRYING PAN MINT |41600
35471D|SET OF 3 BIRD LIGHT PINK FEATHER |7800
22469|HEART OF WICKER SMALL|29000
22445|PENCIL CASE LIFE IS BEAUTIFUL|59000
21497|FANCY FONTS BIRTHDAY WRAP|7200
21504|SKULLS GREETING CARD|16600
23371|SET 36 COLOUR PENCILS SPACEBOY |25000
85170C|SET/6 EAU DE NIL BIRD T-LIGHTS|42000
23102|SILVER HEARTS TABLE DECORATION|49200
22791|T-LIGHT GLASS FLUTED ANTIQUE|49200
20974|12 PENCILS SMALL TUBE SKULL|13000
22893|MINI CAKE STAND T-LIGHT HOLDER|16600
84347|ROTATING SILVER ANGELS T-LIGHT HLDR|101200
21864|UNION JACK FLAG PASSPORT COVER |82600
22460|EMBOSSED GLASS TEALIGHT HOLDER|25000
22990|COTTON APRON PANTRY DESIGN|85000
22934|BAKING MOULD EASTER EGG WHITE CHOC|59000
22023|EMPIRE BIRTHDAY CARD|16600
21217|RED RETROSPOT ROUND CAKE TINS|199000
37500|TEA TIME TEAPOT IN GIFT BOX|165800
22624|IVORY KITCHEN SCALES|332600
22986|WRAP GINGHAM ROSE |8400
22630|DOLLY GIRL LUNCH BOX|39000
35833P|4 PINK FLOCK CHRISTMAS BALLS|67200
22730|ALARM CLOCK BAKELIKE IVORY|75000
20719|WOODLAND CHARLOTTE BAG|49200
22222|CAKE PLATE LOVEBIRD WHITE|82600
23174|REGENCY SUGAR BOWL GREEN|83000
21792|CLASSIC FRENCH STYLE BASKET GREEN |79000
23415|HOME SWEET HOME HOOK|33000
22847|BREAD BIN DINER STYLE IVORY|665800
21166|COOK WITH WINE METAL SIGN |82600
22678|FRENCH BLUE METAL DOOR SIGN 3|49200
22685|FRENCH BLUE METAL DOOR SIGN 0|0
22735|RIBBON REEL SOCKS AND MITTENS|65800
22491|PACK OF 12 COLOURED PENCILS|17000
21993|FLORAL FOLK STATIONERY SET|49200
22374|AIRLINE BAG VINTAGE JET SET RED|165800
21395|BLUE POLKADOT BEAKER |7800
84832|ZINC WILLIE WINKIE  CANDLE STICK|17000
22300|COFFEE MUG DOG + BALL DESIGN|99200
22224|WHITE LOVEBIRD LANTERN|59000
22465|HANGING METAL STAR LANTERN|65800
21314|SMALL GLASS HEART TRINKET POT|82600
85088|CANDY SPOT HAND BAG|33200
90174|BUTTERFLY HAIR BAND|51000
47590A|BLUE HAPPY BIRTHDAY BUNTING|109000
84406B|CREAM CUPID HEARTS COAT HANGER|83000
22116|METAL SIGN HIS DINNER IS SERVED|32600
22733|3D TRADITIONAL CHRISTMAS STICKERS|49200
23192|BUNDLE OF 3 ALPHABET EXERCISE BOOKS|33000
22518|CHILDS GARDEN BRUSH BLUE|42000
48138|DOORMAT UNION FLAG|165000
21411|GINGHAM HEART  DOORSTOP RED|85000
84596E|SMALL LICORICE DES PINK BOWL|8400
21055|TOOL BOX SOFT TOY |332600
15056BL|EDWARDIAN PARASOL BLACK|119000
22807|SET OF 6 T-LIGHTS TOADSTOOLS|49200
22663|JUMBO BAG DOLLY GIRL DESIGN|49200
23486|ANTIQUE HEART SHELF UNIT|267000
21930|JUMBO STORAGE BAG SKULLS|82600
20914|SET/5 RED RETROSPOT LID GLASS BOWLS|115800
22633|HAND WARMER UNION JACK|42000
20832|RED FLOCK LOVE HEART PHOTO FRAME|17000
21650|ASSORTED TUTTI FRUTTI BRACELET|16600
22436|12 COLOURED PARTY BALLOONS|13000
23310|BUBBLEGUM RING ASSORTED|8400
23263|SET OF 3 WOODEN HEART DECORATIONS|25000
21533|RETROSPOT LARGE MILK JUG|99000
23321|SMALL WHITE HEART OF WICKER|33000
21802|CHRISTMAS TREE HEART DECORATION|8400
22752|SET 7 BABUSHKA NESTING BOXES|170000
21803|CHRISTMAS TREE STAR DECORATION|8400
22507|MEMO BOARD RETROSPOT  DESIGN|99000
22996|TRAVEL CARD WALLET VINTAGE TICKET|8400
21380|WOODEN HAPPY BIRTHDAY GARLAND|115800
22271|FELTCRAFT DOLL ROSIE|59000
23205|CHARLOTTE BAG VINTAGE ALPHABET |17000
23216|LAUREL HEART ANTIQUE GOLD|25000
21192|WHITE BELL HONEYCOMB PAPER |65800
21974|SET OF 36 PAISLEY FLOWER DOILIES|29000
22925|BLUE GIANT GARDEN THERMOMETER|119000
22731|3D CHRISTMAS STAMPS STICKERS |25000
22207|FRYING PAN UNION FLAG|165800
21382|SET/4 SPRING FLOWER DECORATION|32600
21210|SET OF 72 RETROSPOT PAPER  DOILIES|29000
51014C|FEATHER PEN,COAL BLACK|7800
22822|CREAM WALL PLANTER HEART SHAPED|119000
23311|VINTAGE CHRISTMAS STOCKING |51000
85199L|LARGE HANGING IVORY & RED WOOD BIRD|13000
23208|LUNCH BAG VINTAGE LEAF DESIGN|33000
M|Manual|4775600
20992|JAZZ HEARTS PURSE NOTEBOOK|7800
22245|HOOK, 1 HANGER ,MAGIC GARDEN|17000
85136A|YELLOW SHARK HELICOPTER|169400
22676|FRENCH BLUE METAL DOOR SIGN 1|49200
21064|BOOM BOX SPEAKER BOYS|119000
22561|WOODEN SCHOOL COLOURING SET|29000
22956|36 FOIL HEART CAKE CASES|42000
23175|REGENCY MILK JUG PINK |65000
22698|PINK REGENCY TEACUP AND SAUCER|59000
23439|HAND WARMER RED LOVE HEART|42000
22644|CERAMIC CHERRY CAKE MONEY BANK|29000
23334|IVORY WICKER HEART SMALL|12600
17012C|ORIGAMI LAVENDER INCENSE/CANDL SET |17000
21616|4 PEAR BOTANICAL DINNER CANDLES|65800
23503|PLAYING CARDS KEEP CALM & CARRY ON|25000
23329|DECORATIVE WICKER HEART LARGE|33000
20996|JAZZ HEARTS ADDRESS BOOK|3800
20751|FUNKY WASHING UP GLOVES ASSORTED|42000
85096|label mix up|0
22963|JAM JAR WITH GREEN LID|32600
23543|WALL ART KEEP CALM |165000
21498|RED RETROSPOT WRAP |8400
20754|RETROSPOT RED WASHING UP GLOVES|82600
22037|ROBOT BIRTHDAY CARD|8400
90060F|FIRE POLISHED GLASS NECKL GREEN|116400
85176|SEWING SUSAN 21 NEEDLE SET|17000
22914|BLUE COAT RACK PARIS FASHION|99000
23302|KNEELING MAT HOUSEWORK  DESIGN|33000
21731|RED TOADSTOOL LED NIGHT LIGHT|65800
22750|FELTCRAFT PRINCESS LOLA DOLL|75000
23402|HOME SWEET HOME 3 PEG HANGER |75000
21454|PAINTED PINK RABBIT |16600
22977|DOLLY GIRL CHILDRENS EGG CUP|25000
21929|JUMBO BAG PINK VINTAGE PAISLEY|82600
22243|5 HOOK HANGER RED MAGIC TOADSTOOL|33000
21484|CHICK GREY HOT WATER BOTTLE|85000
21136|PAINTED METAL PEARS ASSORTED|33800
21389|IVORY HANGING DECORATION  BIRD|17000
21485|RETROSPOT HEART HOT WATER BOTTLE|99000
22654|DELUXE SEWING KIT |119000
21908|CHOCOLATE THIS WAY METAL SIGN|42000
22672|FRENCH BATHROOM SIGN BLUE METAL|67200
84991|60 TEATIME FAIRY CAKE CASES|11000
23291|DOLLY GIRL CHILDRENS CUP|25000
22029|SPACEBOY BIRTHDAY CARD|8400
22346|PARTY PIZZA DISH GREEN POLKADOT|8400
22209|WOOD STAMP SET HAPPY BIRTHDAY|32600
22617|BAKING SET SPACEBOY DESIGN|99000
22714|CARD BIRTHDAY COWBOY|16600
22715|CARD WEDDING DAY|8400
22677|FRENCH BLUE METAL DOOR SIGN 2|25000
21888|BINGO SET|75000
84987|SET OF 36 TEATIME PAPER DOILIES|29000
22588|CARD HOLDER GINGHAM HEART|57800
84596L|BISCUITS SMALL BOWL LIGHT BLUE|16600
16161U|WRAP SUKI AND FRIENDS|8400
22091|EMPIRE TISSUE BOX|7800
21906|PHARMACIE FIRST AID TIN|265800
22075|6 RIBBONS ELEGANT CHRISTMAS |29000
48184|DOORMAT ENGLISH ROSE |159000
20972|PINK CREAM FELT CRAFT TRINKET BOX |25000
23201|JUMBO BAG ALPHABET|41600
85040A|S/4 PINK FLOWER CANDLES IN BOWL|33000
22926|IVORY GIANT GARDEN THERMOMETER|119000
85049C|ROMANTIC PINKS RIBBONS |25000
23461|SWEETHEART BIRD HOUSE|165800
21356|TOAST ITS - FAIRY FLOWER|16600
22305|COFFEE MUG PINK PAISLEY DESIGN|51000
22115|METAL SIGN EMPIRE TEA|15800
21248|DOOR HANGER  MUM + DADS ROOM|29000
23228|FILIGREE HEART BIRD WHITE |49200
23328|SET 6 SCHOOL MILK BOTTLES IN CRATE|75000
23241|TREASURE TIN GYMKHANA DESIGN|41600
22568|FELTCRAFT CUSHION OWL|75000
23306|SET OF 36 DOILIES PANTRY DESIGN|29000
85131B|BEADED CRYSTAL HEART GREEN ON STICK|16600
79000|MOROCCAN TEA GLASS|17000
21110|LARGE CAKE TOWEL PINK SPOTS|135000
22540|MINI JIGSAW CIRCUS PARADE |8400
21935|SUKI  SHOULDER BAG|33200
21122|SET/10 PINK POLKADOT PARTY CANDLES|25000
22707|WRAP MONSTER FUN |8400
21363|HOME SMALL WOOD LETTERS|99000
10133|COLOURING PENCILS BROWN TUBE|16600
84988|SET OF 72 PINK HEART PAPER DOILIES|29000
22908|PACK OF 20 NAPKINS RED APPLES|17000
21035|SET/2 RED RETROSPOT TEA TOWELS |132600
22328|ROUND SNACK BOXES SET OF 4 FRUITS |59000
23272|TREE T-LIGHT HOLDER WILLIE WINKIE|33000
22345|PARTY PIZZA DISH BLUE POLKADOT|17000
21672|WHITE SPOT RED CERAMIC DRAWER KNOB|25000
23155|KNICKERBOCKERGLORY MAGNET ASSORTED |16600
22586|FELTCRAFT HAIRBAND PINK AND BLUE|32600
23173|REGENCY TEAPOT ROSES |199000
22144|CHRISTMAS CRAFT LITTLE FRIENDS|42000
22197|SMALL POPCORN HOLDER|17000
20772|GARDEN PATH JOURNAL|51000
21876|POTTERING MUG|25000
23289|DOLLY GIRL CHILDRENS BOWL|49200
23308|SET OF 60 VINTAGE LEAF CAKE CASES |11000
22284|HEN HOUSE DECORATION|65800
22520|CHILDS GARDEN TROWEL BLUE |17000
22969|HOMEMADE JAM SCENTED CANDLES|29000
20677|PINK POLKADOT BOWL|25000
22567|20 DOLLY PEGS RETROSPOT|25000
22670|FRENCH WC SIGN BLUE METAL|25000
21407|BROWN CHECK CAT DOORSTOP |85000
22776|SWEETHEART CAKESTAND 3 TIER|199000
21175|GIN + TONIC DIET METAL SIGN|51000
20867|PINK ROSE FABRIC MIRROR|16600
20801|LARGE PINK GLASS SUNDAE DISH|15800
47590B|PINK HAPPY BIRTHDAY BUNTING|109000
22743|MAKE YOUR OWN FLOWERPOWER CARD KIT|59000
23293|SET OF 12 FAIRY CAKE BAKING CASES|16600
21746|SMALL RED RETROSPOT WINDMILL|25000
22358|KINGS CHOICE TEA CADDY |49200
22554|PLASTERS IN TIN WOODLAND ANIMALS|33000
22471|TV DINNER TRAY AIR HOSTESS |82600
23035|DRAWER KNOB CERAMIC IVORY|29000
21258|VICTORIAN SEWING BOX LARGE|255000
23197|SKETCHBOOK MAGNETIC SHOPPING LIST|29000
23395|BELLE JARDINIERE CUSHION COVER|75000
22674|FRENCH TOILET SIGN BLUE METAL|25000
21694|SMALL REGAL  SILVER CANDLEPOT |115800
21527|RED RETROSPOT TRADITIONAL TEAPOT |159000
22943|CHRISTMAS LIGHTS 10 VINTAGE BAUBLES|99000
23203|JUMBO BAG DOILEY PATTERNS|41600
22288|HANGING METAL RABBIT DECORATION|49200
22090|PAPER BUNTING RETROSPOT|59000
22773|GREEN DRAWER KNOB ACRYLIC EDWARDIAN|59000
22133|PINK LOVE HEART SHAPE CUP|17000
22278|OVERNIGHT BAG VINTAGE ROSE PAISLEY|215800
82583|HOT BATHS METAL SIGN|42000
21280|VINTAGE KITCHEN PRINT VEGETABLES|51000
21519|GIN & TONIC DIET GREETING CARD |16600
22779|WOODEN OWLS LIGHT GARLAND |85000
23178|JAM CLOCK MAGNET|57800
21786|POLKADOT RAIN HAT |8400
84029E|RED WOOLLY HOTTIE WHITE HEART.|85000
23376|PACK OF 12 VINTAGE CHRISTMAS TISSUE|7800
23270|SET OF 2 CERAMIC PAINTED HEARTS |29000
85014B|RED RETROSPOT UMBRELLA|119000
21915|RED  HARMONICA IN BOX |25000
85036B|CHOCOLATE 1 WICK MORRIS BOX CANDLE|85000
22961|JAM MAKING SET PRINTED|65800
22083|PAPER CHAIN KIT RETROSPOT|59000
20717|STRAWBERRY SHOPPER BAG|67200
23290|SPACEBOY CHILDRENS BOWL|25000
21520|BOOZE & WOMEN GREETING CARD |16600
37342|POLKADOT COFFEE CUP & SAUCER PINK|15800
37446|MINI CAKE STAND WITH HANGING CAKES|29000
22138|BAKING SET 9 PIECE RETROSPOT |99000
84078A|SET/4 WHITE RETRO STORAGE CUBES |1165800
70006|LOVE HEART POCKET WARMER|65800
21742|LARGE ROUND WICKER PLATTER |119000
82600|N0 SINGING METAL SIGN|82600
22452|MEASURING TAPE BABUSHKA PINK|32600
22653|BUTTON BOX |32600
21983|PACK OF 12 BLUE PAISLEY TISSUES |7800
21676|FLOWERS  STICKERS|17000
22662|LUNCH BAG DOLLY GIRL DESIGN|33000
23191|BUNDLE OF 3 RETRO NOTE BOOKS|33000
22227|HANGING HEART MIRROR DECORATION |25000
22185|SLATE TILE NATURAL HANGING|15800
21704|BAG 250g SWIRLY MARBLES|17000
22907|PACK OF 20 NAPKINS PANTRY DESIGN|17000
20713|JUMBO BAG OWLS|82600
21231|SWEETHEART CERAMIC TRINKET BOX|25000
22523|CHILDS GARDEN FORK PINK|17000
21578|WOODLAND DESIGN  COTTON TOTE BAG|45000
23378|PACK OF 12 50'S CHRISTMAS TISSUES|7800
84997d|CHILDRENS CUTLERY POLKADOT PINK|165800
22818|CARD CHRISTMAS VILLAGE|8400
37495|FAIRY CAKE BIRTHDAY CANDLE SET|75000
84997C|CHILDRENS CUTLERY POLKADOT BLUE|83000
21212|PACK OF 72 RETROSPOT CAKE CASES|11000
23369|SET 36 COLOUR PENCILS LOVE LONDON|25000
21833|CAMOUFLAGE LED TORCH|33800
22377|BOTTLE BAG RETROSPOT |32600
22620|4 TRADITIONAL SPINNING TOPS|29000
21242|RED RETROSPOT PLATE |33800
23165|LARGE CERAMIC TOP STORAGE JAR|65800
84006|MAGIC TREE -PAPER FLOWERS|33200
21042|RED RETROSPOT APRON |119000
72802B|OCEAN SCENT CANDLE IN JEWELLED BOX|85000
22819|BIRTHDAY CARD, RETRO SPOT|8400
22804|CANDLEHOLDER PINK HANGING HEART|115800
22867|HAND WARMER BIRD DESIGN|42000
23200|JUMBO BAG PEARS|41600
16169E|WRAP 50'S  CHRISTMAS|8400
22382|LUNCH BAG SPACEBOY DESIGN |33000
23209|LUNCH BAG DOILEY PATTERN |33000
23198|PANTRY MAGNETIC  SHOPPING LIST|29000
23184|BULL DOG BOTTLE OPENER|99000
15036|ASSORTED COLOURS SILK FAN|32600
85203|HANGING WOOD AND FELT BUTTERFLY |8400
20982|12 PENCILS TALL TUBE SKULLS|17000
23281|FOLDING BUTTERFLY MIRROR RED  |14400
23336|EGG FRYING PAN PINK |41600
22432|WATERING CAN PINK BUNNY|39000
21452|TOADSTOOL MONEY BOX|59000
22170|PICTURE FRAME WOOD TRIPLE PORTRAIT|135000
22572|ROCKING HORSE GREEN CHRISTMAS |17000
22544|MINI JIGSAW SPACEBOY|7200
22553|PLASTERS IN TIN SKULLS|33000
22060|LARGE CAKE STAND HANGING HEARTS|79000
23335|EGG FRYING PAN IVORY |41600
22295|HEART FILIGREE DOVE LARGE|33000
79051A|SMOKEY GREY COLOUR GLASS|5800
23092|LARGE ANTIQUE WHITE PHOTO FRAME|315800
21700|BIG DOUGHNUT FRIDGE MAGNETS|165800
22155|STAR DECORATION RUSTIC|8400
21977|PACK OF 60 PINK PAISLEY CAKE CASES|11000
21328|BALLOONS  WRITING SET |33000
21189|WHITE HONEYCOMB PAPER GARLAND |65800
22231|JIGSAW TREE WITH BIRDHOUSE|29000
23166|MEDIUM CERAMIC TOP STORAGE JAR|25000
84212|ASSORTED FLOWER COLOUR "LEIS"|13000
22151|PLACE SETTING WHITE HEART|8400
22349|DOG BOWL CHASING BALL DESIGN|75000
22285|HANGING HEN ON NEST DECORATION|33000
18007|ESSENTIAL BALM 3.5g TIN IN ENVELOPE|8400
21481|FAWN BLUE HOT WATER BOTTLE|75000
D|Discount|260000
21294|ETCHED GLASS COASTER|7800
82613B|METAL SIGN,CUPCAKE SINGLE HOOK|25000
23312|VINTAGE CHRISTMAS GIFT SACK|83000
22614|PACK OF 12 SPACEBOY TISSUES|17000
22767|TRIPLE PHOTO FRAME CORNICE |199000
22551|PLASTERS IN TIN SPACEBOY|33000
22917|HERB MARKER ROSEMARY|13000
23446|BLUE BUNNY EASTER EGG BASKET|33000
21581|SKULLS  DESIGN  COTTON TOTE BAG|32600
21634|ASSORTED MINI MADRAS NOTEBOOK|50200
22474|SPACEBOY TV DINNER TRAY|99000
22088|PAPER BUNTING COLOURED LACE|59000
23368|SET 12 COLOUR PENCILS DOLLY GIRL |13000
22970|LONDON BUS COFFEE MUG|51000
85131C|BEADED CRYSTAL HEART BLUE ON STICK|16600
22061|LARGE CAKE STAND  HANGING STRAWBERY|415800
22438|BALLOON ART MAKE YOUR OWN FLOWERS|33200
21564|PINK  HEART SHAPE LOVE BUCKET |59000
21381|MINI WOODEN HAPPY BIRTHDAY GARLAND|33800
21003|ROSE DU SUD CUSHION COVER|115800
22189|CREAM HEART CARD HOLDER|79000
21851|LILAC DIAMANTE PEN IN GIFT BOX|84200
16161P|WRAP ENGLISH ROSE |8400
84050|PINK HEART SHAPE EGG FRYING PAN|82600
22136|LOVE HEART SOCK HANGER|65800
21244|BLUE POLKADOT PLATE |65800
22696|WICKER WREATH LARGE|39000
23344|JUMBO BAG 50'S CHRISTMAS |41600
20712|JUMBO BAG WOODLAND ANIMALS|82600
84535B|FAIRY CAKES NOTEBOOK A6 SIZE|13000
23426|METAL SIGN DROP YOUR PANTS|57800
72800E|4 IVORY DINNER CANDLES SILVER FLOCK|51000
22348|TEA BAG PLATE RED RETROSPOT|17000
23541|WALL ART CLASSIC PUDDINGS |165000
22169|FAMILY ALBUM WHITE PICTURE FRAME|170000
22578|WOODEN STAR CHRISTMAS SCANDINAVIAN|5800
21167|WHITE SAGE INCENSE|4200
72800C|4 PINK DINNER CANDLE SILVER FLOCK|99200
21830|damaged|0
22420|LIPSTICK PEN BABY PINK|16600
47559B|TEA TIME OVEN GLOVE|25000
22602|RETROSPOT WOODEN HEART DECORATION|32600
22200|FRYING PAN PINK POLKADOT|165800
48194|DOORMAT HEARTS|315800
22164|STRING OF STARS CARD HOLDER|59000
22196|SMALL HEART MEASURING SPOONS|33200
17012B|ORIGAMI JASMINE INCENSE/CANDLE SET|50200
21991|BOHEMIAN COLLAGE STATIONERY SET|49200
22380|TOY TIDY SPACEBOY  |82600
22756|LARGE YELLOW BABUSHKA NOTEBOOK |25000
84755|COLOUR GLASS T-LIGHT HOLDER HANGING|13000
22055|MINI CAKE STAND  HANGING STRAWBERY|65800
22489|PACK OF 12 TRADITIONAL CRAYONS|16600
22378|WALL TIDY RETROSPOT |42000
22333|RETROSPOT PARTY BAG + STICKER SET|65800
22073|RED RETROSPOT STORAGE JAR|67800
35598D|PINK/WHITE CHRISTMAS TREE 60CM|49200
72741|GRAND CHOCOLATECANDLE|56400
23144|ZINC T-LIGHT HOLDER STARS SMALL|32600
22737|RIBBON REEL CHRISTMAS PRESENT |33000
90161A|ANT COPPER RED BOUDICCA BRACELET|99000
22274|FELTCRAFT DOLL EMILY|59000
21164|HOME SWEET HOME METAL SIGN |59000
21683|MEDIUM MEDINA STAMPED METAL BOWL |59000
23005|TRAVEL CARD WALLET I LOVE LONDON|16600
22494|EMERGENCY FIRST AID TIN |49200
23108|SET OF 10 LED DOLLY LIGHTS|107800
23253|16 PIECE CUTLERY SET PANTRY DESIGN|665800
22596|CHRISTMAS STAR WISH LIST CHALKBOARD|25000
22942|CHRISTMAS LIGHTS 10 SANTAS |170000
23212|HEART WREATH DECORATION WITH BELL|25000
22758|LARGE PURPLE BABUSHKA NOTEBOOK  |25000
21670|BLUE SPOT CERAMIC DRAWER KNOB|25000
23211|RED ROCKING HORSE HAND PAINTED|25000
22595|GINGHAM HEART DECORATION|17000
22711|WRAP CIRCUS PARADE|8400
22872|NUMBER TILE COTTAGE GARDEN 4|39000
35953|FOLKART STAR CHRISTMAS DECORATIONS|7800
21385|IVORY HANGING DECORATION  HEART|17000
22418|10 COLOUR SPACEBOY PEN|17000
22385|JUMBO BAG SPACEBOY DESIGN|41600
16219|HOUSE SHAPE PENCIL SHARPENER|16600
16014|SMALL CHINESE STYLE SCISSOR|6400
22631|CIRCUS PARADE LUNCH BOX |39000
21080|SET/20 RED RETROSPOT PAPER NAPKINS |33200
23264|SET OF 3 WOODEN SLEIGH DECORATIONS|25000
22792|FLUTED ANTIQUE CANDLE HOLDER|32600
22955|36 FOIL STAR CAKE CASES |42000
22179|SET 10 NIGHT OWL LIGHTS|265800
84913B|MINT GREEN ROSE TOWEL|93000
22692|DOORMAT WELCOME TO OUR HOME|159000
22539|MINI JIGSAW DOLLY GIRL|16600
22748|POPPY'S PLAYHOUSE KITCHEN|42000
22130|PARTY CONE CHRISTMAS DECORATION |17000
23352|ROLL WRAP 50'S RED CHRISTMAS |25000
22974|CHILDRENS DOLLY GIRL MUG|33000
22746|POPPY'S PLAYHOUSE LIVINGROOM |42000
23079|TOADSTOOL BEDSIDE LIGHT |179000
22918|HERB MARKER PARSLEY|13000
21666|RIDGED GLASS T-LIGHT HOLDER|13000
22632|HAND WARMER RED RETROSPOT|42000
84596B|SMALL DOLLY MIX DESIGN ORANGE BOWL|16600
22739|RIBBON REEL CHRISTMAS SOCK BAUBLE|65800
23193|BUFFALO BILL TREASURE BOOK BOX|45000
21632|VINTAGE PINK DECORATIVE PARASOL|169400
22587|FELTCRAFT HAIRBAND RED AND BLUE|17000
DOT|DOTCOM POSTAGE|2235800
23229|VINTAGE DONKEY TAIL GAME |75000
22768|FAMILY PHOTO FRAME CORNICE|199000
22643|SET OF 4 NAPKIN CHARMS LEAVES   |32600
22384|LUNCH BAG PINK POLKADOT|33000
22082|RIBBON REEL STRIPES DESIGN |33000
72351A|SET/6 TURQUOISE BUTTERFLY T-LIGHTS|42000
22208|WOOD STAMP SET THANK YOU|33000
20668|DISCO BALL CHRISTMAS DECORATION|2400
84796a|PINK HAWAIIAN PICNIC HAMPER FOR 2|165800
20654|FIRST CLASS LUGGAGE TAG |25000
23132|SMALL IVORY HEART WALL ORGANISER|115000
90201C|RED ENAMEL FLOWER RING|59000
23147|SINGLE ANTIQUE ROSE HOOK IVORY|29000
21508|VINTAGE KID DOLLY CARD |8400
22321|BIRD DECORATION RED RETROSPOT|32600
23318|BOX OF 6 MINI VINTAGE CRACKERS|41600
22501|PICNIC BASKET WICKER LARGE|424600
21563|RED HEART SHAPE LOVE BUCKET |59000
23332|IVORY WICKER HEART LARGE|33000
46776A|WOVEN BUBBLE GUM CUSHION COVER|82600
23614|SET 10 CARDS 12 DAYS WRAP  17058|66600
23425|STORAGE TIN HOME SWEET HOME|49800
20771|CHRYSANTHEMUM  JOURNAL|49200
21808|CHRISTMAS GARLAND STARS,TREES|65800
22848|BREAD BIN DINER STYLE PINK|665800
21354|TOAST ITS - BEST MUM|25000
21673|WHITE SPOT BLUE CERAMIC DRAWER KNOB|49200
22180|RETROSPOT LAMP|199000
22053|EMPIRE DESIGN ROSETTE|25000
23100|SILVER BELLS TABLE DECORATION|25000
21990|MODERN FLORAL STATIONERY SET|25000
22664|TOY TIDY DOLLY GIRL DESIGN|42000
21894|POTTING SHED SEED ENVELOPES|50200
20777|CHRYSANTHEMUM NOTEBOOK|33000
22472|TV DINNER TRAY DOLLY GIRL|215800
23049|RECYCLED ACAPULCO MAT RED|165000
48188|DOORMAT WELCOME PUPPIES|165000
20622|VIPPASSPORT COVER |33200
22573|STAR WOODEN CHRISTMAS DECORATION|17000
22502|PICNIC BASKET WICKER SMALL|165800
21976|PACK OF 60 MUSHROOM CAKE CASES|11000
22343|PARTY PIZZA DISH RED RETROSPOT|17000
23068|ALUMINIUM STAMPED HEART|49800
22671|FRENCH LAUNDRY SIGN BLUE METAL|65800
21928|JUMBO BAG SCANDINAVIAN BLUE PAISLEY|41600
23268|SET OF 2 CERAMIC CHRISTMAS REINDEER|29000
35648|VINTAGE BEAD PINK PURSE |32600
22946|WOODEN ADVENT CALENDAR CREAM|339000
22835|HOT WATER BOTTLE I AM SO POORLY|85000
47480|HANGING PHOTO CLIP ROPE LADDER|33000
22534|MAGIC DRAWING SLATE SPACEBOY |8400
23013|GLASS APOTHECARY BOTTLE TONIC|79000
37327|ASSTD MULTICOLOUR CIRCLES MUG|7800
82483|WOOD 2 DRAWER CABINET WHITE FINISH|139000
21531|RED RETROSPOT SUGAR JAM BOWL|51000
23057|BEADED CHANDELIER T-LIGHT HOLDER|30000
21801|CHRISTMAS TREE DECORATION WITH BELL|8400
22584|PACK OF 6 PANNETONE GIFT BOXES|51000
21577|SAVE THE PLANET COTTON TOTE BAG|45000
23058|CHRISTMAS HANGING SNOWFLAKE|15800
22962|JAM JAR WITH PINK LID|32600
22076|6 RIBBONS EMPIRE  |25000
37471|MULTICOLOUR POLKADOT PLATE|17000
22030|SWALLOWS GREETING CARD|8400
85159A|BLACK TEA,COFFEE,SUGAR JARS|39000
23206|LUNCH BAG APPLE DESIGN|33000
21058|PARTY INVITES WOODLAND|17000
22555|PLASTERS IN TIN STRONGMAN|33000
20659|ECONOMY LUGGAGE TAG|16600
21877|HOME SWEET HOME MUG|25000
23349|ROLL WRAP VINTAGE CHRISTMAS|25000
22789|T-LIGHT HOLDER SWEETHEART HANGING|39000
22862||0
22435|SET OF 9 HEART SHAPED BALLOONS|25000
21619|4 VANILLA BOTANICAL CANDLES|25000
22095|LADS ONLY TISSUE BOX|49200
84884a|ANT WHITE WIRE HEART SPIRAL|169400
21539|RED RETROSPOT BUTTER DISH|99000
22174|PHOTO CUBE|82600
21289|LARGE STRIPES CHOCOLATE GIFT BAG|25000
22421|LIPSTICK PEN FUSCHIA|8400
23295|SET OF 12 MINI LOAF BAKING CASES|16600
23162|REGENCY TEA STRAINER|75000
23307|SET OF 60 PANTRY DESIGN CAKE CASES |11000
23300|GARDENERS KNEELING PAD CUP OF TEA |33000
85071D|CHARLIE+LOLA MY ROOM DOOR SIGN|16600
21579|LOLITA  DESIGN  COTTON TOTE BAG|45000
22821|GIFT BAG PSYCHEDELIC APPLES|13000
48111|DOORMAT 3 SMILEY CATS|159000
46775D||0
22594|CHRISTMAS GINGHAM TREE|32600
22065|CHRISTMAS PUDDING TRINKET POT |7800
85179C|PINK BITTY LIGHT CHAIN|49200
23239|SET OF 4 KNICK KNACK TINS POPPIES|165800
22066|LOVE HEART TRINKET POT|7800
75049L|LARGE CIRCULAR MIRROR MOBILE|25000
21745|GAOLERS KEYS DECORATIVE GARDEN |75000
23504|PLAYING CARDS JUBILEE UNION JACK|25000
22619|SET OF 6 SOLDIER SKITTLES|75000
23051|RECYCLED ACAPULCO MAT BLUE|165000
21890|S/6 WOODEN SKITTLES IN COTTON BAG|65000
22592|CARDHOLDER HOLLY WREATH METAL|75000
84519B|CARROT CHARLIE+LOLA COASTER SET|25000
22725|ALARM CLOCK BAKELIKE CHOCOLATE|149200
22744|MAKE YOUR OWN MONSOON CARD KIT|115800
90200C|BLUE SWEETHEART BRACELET|85000
22690|DOORMAT HOME SWEET HOME BLUE |159000
23382|BOX OF 6 CHRISTMAS CAKE DECORATIONS|75000
20961|STRAWBERRY BATH SPONGE |49200
10080|GROOVY CACTUS INFLATABLE|7800
84974|S/2 ZINC HEART DESIGN PLANTERS|199000
90019A|SILVER M.O.P ORBIT BRACELET|108000
22751|FELTCRAFT PRINCESS OLIVIA DOLL|149200
22606|WOODEN SKITTLES GARDEN SET|255000
21868||0
22968|ROSE COTTAGE KEEPSAKE BOX |170000
20674|GREEN POLKADOT BOWL|25000
22318|FIVE HEART HANGING DECORATION|115800
22405|MONEY BOX POCKET MONEY DESIGN|7800
17012F|ORIGAMI SANDLEWOOD INCENSE/CAND SET|17000
22212|FOUR HOOK  WHITE LOVEBIRDS|82600
22427|ENAMEL FLOWER JUG CREAM|119000
23345| DOLLY GIRL BEAKER|49200
22468|BABUSHKA LIGHTS STRING OF 10|135000
20750|RED RETROSPOT MINI CASES|159000
23301|GARDENERS KNEELING PAD KEEP CALM |29000
22916|HERB MARKER THYME|13000
21843|RED RETROSPOT CAKE STAND|219000
84802B|PURPLE ANEMONE ARTIFICIAL FLOWER|33800
21787|RAIN PONCHO RETROSPOT|17000
22754|SMALL RED BABUSHKA NOTEBOOK |4200
22924|FRIDGE MAGNETS LA VIE EN ROSE|17000
22895|SET OF 2 TEA TOWELS APPLE AND PEARS|59000
20735|BLACK MINI TAPE MEASURE |17000
23077|DOUGHNUT LIP GLOSS |25000
85232D|SET/3 DECOUPAGE STACKING TINS|99000
22826|LOVE SEAT ANTIQUE WHITE METAL|1700000
85202|HANGING WOOD AND FELT HEART|8400
22142|CHRISTMAS CRAFT WHITE FAIRY |29000
23285|PINK VINTAGE SPOT BEAKER|17000
22920|HERB MARKER BASIL|13000
22493|PAINT YOUR OWN CANVAS SET|33000
22294|HEART FILIGREE DOVE  SMALL|25000
22931|BAKING MOULD HEART WHITE CHOCOLATE|51000
22832|BROCANTE SHELF WITH HOOKS|215000
23139|SINGLE WIRE HOOK PINK HEART|29000
21262|WHITE GOOSE FEATHER CHRISTMAS TREE |59000
22609|PENS ASSORTED SPACEBALL|3800
21819|GLITTER CHRISTMAS STAR |7800
90119|METALIC LEAVES BAG CHARMS|49200
22613|PACK OF 20 SPACEBOY NAPKINS|17000
72051S|BAG OF SILVER STONES|8400
22182|CAKE STAND VICTORIAN FILIGREE SMALL|82600
21506|FANCY FONT BIRTHDAY CARD, |16600
22296|HEART IVORY TRELLIS LARGE|33000
20986|BLUE CALCULATOR RULER|49200
23389|SPACEBOY MINI BACKPACK|83000
16011|ANIMAL STICKERS|4200
21355|TOAST ITS - I LOVE YOU |25000
23007| SPACEBOY BABY GIFT SET|215800
21630|FLOOR CUSHION ELEPHANT CARNIVAL|365800
23350|ROLL WRAP VINTAGE SPOT |25000
21352|EUCALYPTUS & PINECONE  WREATH|115800
22938|CUPCAKE LACE PAPER SET 6|39000
21239|PINK  POLKADOT CUP|33200
21647|ASSORTED TUTTI FRUTTI LARGE PURSE|42000
85087|CANDY SPOT CUSHION COVER|65800
85131A|BEADED PEARL HEART WHITE ON STICK|25000
22446|PIN CUSHION BABUSHKA PINK|67000
22173|METAL 4 HOOK HANGER FRENCH CHATEAU|115800
85014A|BLACK/BLUE POLKADOT UMBRELLA|119000
22732|3D VINTAGE CHRISTMAS STICKERS |50200
21430|SET/3 RED GINGHAM ROSE STORAGE BOX|75000
22352|LUNCH BOX WITH CUTLERY RETROSPOT |51000
23126|FELTCRAFT GIRL AMELIE KIT|99000
22533|check|0
23489|VINTAGE BELLS GARLAND|57800
20802|SMALL GLASS SUNDAE DISH CLEAR|33000
21624|VINTAGE UNION JACK DOORSTOP|119000
21713|CITRONELLA CANDLE FLOWERPOT|42000
20716|PARTY FOOD SHOPPER BAG|25000
84251C|GREETING CARD, TWO SISTERS.|8400
23014|GLASS APOTHECARY BOTTLE ELIXIR|79000
22627|MINT KITCHEN SCALES|170000
15034|PAPER POCKET TRAVELING FAN |2800
21114|LAVENDER SCENTED FABRIC HEART|215800
84247L|FAWN AND MUSHROOM GREETING CARD|17000
22734|SET OF 6 RIBBONS VINTAGE CHRISTMAS|57800
23243|SET OF TEA COFFEE SUGAR TINS PANTRY|215800
85049G|CHOCOLATE BOX RIBBONS |49200
21791|VINTAGE HEADS AND TAILS CARD GAME |49200
72807B|SET/3 OCEAN SCENT CANDLE JEWEL BOX|85000
84563B|BLUE & WHITE BREAKFAST TRAY|119000
23082|SET 6 PAPER TABLE LANTERN HEARTS |75000
22228|BUNNY WOODEN PAINTED WITH BIRD |17000
23254|CHILDRENS CUTLERY DOLLY GIRL |83000
23172|REGENCY TEA PLATE PINK|33000
23322|LARGE WHITE HEART OF WICKER|59000
84913A|SOFT PINK ROSE TOWEL |65800
84030E|ENGLISH ROSE HOT WATER BOTTLE|85000
22443|GROW YOUR OWN HERBS SET OF 3|159000
22113|GREY HEART HOT WATER BOTTLE|169400
22717|CARD DOG AND BALL |8400
84971S|SMALL HEART FLOWERS HOOK |32600
22476|EMPIRE UNION JACK TV DINNER TRAY|99000
22669|RED BABY BUNTING |59000
23127|FELTCRAFT GIRL NICOLE KIT|99000
22550|HOLIDAY FUN LUDO|152400
22766|PHOTO FRAME CORNICE|59000
22579|WOODEN TREE CHRISTMAS SCANDINAVIAN|5800
23571|TRADITIONAL NAUGHTS & CROSSES|33000
22110|BIRD HOUSE HOT WATER BOTTLE|51000
84992|72 SWEETHEART FAIRY CAKE CASES|11000
23170|REGENCY TEA PLATE ROSES |65800
90214A|LETTER "A" BLING KEY RING|17000
21394|RED POLKADOT BEAKER |7800
20655|QUEEN OF SKIES LUGGAGE TAG|25000
84536A|ENGLISH ROSE NOTEBOOK A7 SIZE|16600
21810|CHRISTMAS HANGING STAR WITH BELL|7800
21774|DECORATIVE CATS BATHROOM BOTTLE|25000
21171|BATHROOM METAL SIGN |29000
21528|DAIRY MAID TRADITIONAL TEAPOT |115800
47566b|TEA TIME PARTY BUNTING|165800
79321|CHILLI LIGHTS|249200
23109|PACK OF SIX LED TEA LIGHTS|57800
21735|TWO DOOR CURIO CABINET|255000
90200A|PURPLE SWEETHEART BRACELET|83000
22718|CARD CAT AND TREE |8400
85071C|CHARLIE+LOLA"EXTREMELY BUSY" SIGN|7800
21698|MOCK LOBSTER FRIDGE MAGNET|17000
21749|LARGE RED RETROSPOT WINDMILL|42000
22276|WASH BAG VINTAGE ROSE PAISLEY|51000
23456|MEDIUM PARLOUR PICTURE FRAME |83000
23275|SET OF 3 HANGING OWLS OLLIE BEAK|25000
85169D|PINK LOVE BIRD CANDLE|25000
84509A|SET OF 4 ENGLISH ROSE PLACEMATS|75000
22268|EASTER DECORATION SITTING BUNNY|17000
21715|GIRLS VINTAGE TIN SEASIDE BUCKET|99200
22574|HEART WOODEN CHRISTMAS DECORATION|17000
23129|HEART SHAPED HOLLY WREATH|83000
22416|SET OF 36 DOILIES SPACEBOY DESIGN |29000
21523|DOORMAT FANCY FONT HOME SWEET HOME|159000
35964|FOLKART CLIP ON STARS|32600
22068|BLACK PIRATE TREASURE CHEST|33000
23557|LANDMARK FRAME BAKER STREET |250000
21884|CAKES AND BOWS GIFT  TAPE|8600
82580|BATHROOM METAL SIGN|25000
21811|HANGING HEART WITH BELL|49200
21066|VINTAGE RED MUG|49200
20670|VIP HOLIDAY PURSE|59000
23116|VEGETABLE GARDEN CHOPPING BOARD|99000
11001|ASSTD DESIGN RACING CAR PEN|16600
72232|FENG SHUI PILLAR CANDLE|3800
21901|KEY FOB , BACK DOOR |13000
21201|TROPICAL  HONEYCOMB PAPER GARLAND |42000
22426|ENAMEL WASH BOWL CREAM|75000
22863|SOAP DISH BROCANTE|59000
23535|WALL ART BICYCLE SAFETY|119000
23313|VINTAGE CHRISTMAS BUNTING|99000
20856|DENIM PATCH PURSE PINK BUTTERFLY|33000
21985|PACK OF 12 HEARTS DESIGN TISSUES |5800
23414|ZINC BOX SIGN HOME|199000
23444|Next Day Carriage|3e+05
22898|CHILDRENS APRON APPLES DESIGN|39000
22444|GROW YOUR OWN PLANT IN A CAN |25000
21174|POTTERING IN THE SHED METAL SIGN|41600
35966||0
79144C|PAINTED LIGHTBULB RAINBOW DESIGN|16800
47594A|CAROUSEL DESIGN WASHBAG|39000
21340|CLASSIC METAL BIRDCAGE PLANT HOLDER|199000
22928|YELLOW GIANT GARDEN THERMOMETER|119000
22495|SET OF 2 ROUND TINS CAMEMBERT |59000
21870|I CAN ONLY PLEASE ONE PERSON MUG|67200
22684|FRENCH BLUE METAL DOOR SIGN 9|49200
23466|TUSCAN VILLA DOVECOTE BIRD FEEDER|165000
22689|DOORMAT MERRY CHRISTMAS RED |165000
21108|FAIRY CAKE FLANNEL ASSORTED COLOUR|51000
22851|SET 20 NAPKINS FAIRY CAKES DESIGN |17000
22837|HOT WATER BOTTLE BABUSHKA |182600
84949|SILVER HANGING T-LIGHT HOLDER|29000
23168|CLASSIC CAFE SUGAR DISPENSER|25000
22923|FRIDGE MAGNETS LES ENFANTS ASSORTED|17000
22114|HOT WATER BOTTLE TEA AND SYMPATHY|79000
22413|METAL SIGN TAKE IT OR LEAVE IT |59000
22593|CHRISTMAS GINGHAM STAR|17000
21686|MEDINA STAMPED METAL STOOL|799000
85034A|3 GARDENIA MORRIS BOXED CANDLES|169400
84976|RECTANGULAR SHAPED MIRROR|15800
21154|RED RETROSPOT OVEN GLOVE |25000
21556|CERAMIC STRAWBERRY MONEY BOX|51000
20975|12 PENCILS SMALL TUBE RED RETROSPOT|13000
22350|ILLUSTRATED CAT BOWL |51000
23374|RED SPOT PAPER GIFT BAG|16400
85053|FRENCH ENAMEL CANDLEHOLDER|42000
21642|ASSORTED TUTTI FRUTTI PEN|5800
84510C|SET OF 4 POLKADOT COASTERS|49200
22816|CARD MOTORBIKE SANTA|8400
82615|PINK MARSHMALLOW SCARF KNITTING KIT|51000
23138|SINGLE WIRE HOOK IVORY HEART|29000
21907|I'M ON HOLIDAY METAL SIGN|82600
62097B|BLUE STRIPES SHOULDER BAG|16600
23287|RED VINTAGE SPOT BEAKER|17000
23157|SET OF 6 NATIVITY MAGNETS |41600
22085|PAPER CHAIN KIT SKULLS |59000
84613C|BLUE NEW BAROQUE FLOCK CANDLESTICK|93000
22466|FAIRY TALE COTTAGE NIGHTLIGHT|39000
84520B|PACK 20 ENGLISH ROSE PAPER NAPKINS|32600
21844|RED RETROSPOT MUG|59000
82486|3 DRAWER ANTIQUE WHITE WOOD CABINET|179000
21204|DAISIES  HONEYCOMB GARLAND |33000
22603|CHRISTMAS RETROSPOT TREE WOOD|17000
21988|PACK OF 6 SKULL PAPER PLATES|12800
23297|SET 40 HEART SHAPE PETIT FOUR CASES|33000
23054|RECYCLED ACAPULCO MAT LAVENDER|165000
22728|ALARM CLOCK BAKELIKE PINK|152400
84817|DANISH ROSE DECORATIVE PLATE|42000
22976|CIRCUS PARADE CHILDRENS EGG CUP |25000
21709|FOLDING UMBRELLA CHOCOLATE POLKADOT|199200
21692|SILVER LATTICE VANILLA CANDLE POT|75000
85204|HANGING WOOD AND FELT FLOWER|8400
22280|POCKET BAG PINK PAISELY BROWN SPOT|49200
47367B|PAIR PADDED HANGERS PINK CHECK|67200
22741|FUNKY DIVA PEN|17000
23397|FOOT STOOL HOME SWEET HOME |199000
35954|SMALL FOLKART STAR CHRISTMAS DEC|16400
20764|ABSTRACT CIRCLES SKETCHBOOK |149200
84249A|GREETING CARD,SQUARE, DOUGHNUTS|16600
21784|SHOE SHINE BOX |199000
62018|SOMBRERO |39000
21658|GLASS  BEURRE DISH|79000
82567|AIRLINE LOUNGE,METAL SIGN|32600
47578A|ENGLISH ROSE SMALL SCENTED FLOWER|17000
20981|12 PENCILS TALL TUBE WOODLAND|17000
21078|SET/20 STRAWBERRY PAPER NAPKINS |17000
22575|METAL MERRY CHRISTMAS WREATH|39000
21992|VINTAGE PAISLEY STATIONERY SET|49200
21534|DAIRY MAID LARGE MILK JUG|99000
22651|GENTLEMAN SHIRT REPAIR KIT |32600
84510A|SET OF 4 ENGLISH ROSE COASTERS|25000
90158|ST TROPEZ NECKLACE|99600
21401|BLUE PUDDING SPOON|2400
90190C|SILVER/AMETHYST DROP EARRINGS LEAF|58000
22747|POPPY'S PLAYHOUSE BATHROOM|42000
23508|MINI PLAYING CARDS DOLLY GIRL |8400
21878|PACK OF 6 SANDCASTLE FLAGS ASSORTED|32600
22681|FRENCH BLUE METAL DOOR SIGN 6|49200
35961|FOLKART ZINC HEART CHRISTMAS DEC|33200
82613C|METAL SIGN,CUPCAKE SINGLE HOOK|49200
22505|MEMO BOARD COTTAGE DESIGN|85000
16225|RATTLE SNAKE EGGS|25000
16048|TEATIME ROUND PENCIL SHARPENER |16600
48173C|DOORMAT BLACK FLOCK |135000
72349B|SET/6 PURPLE BUTTERFLY T-LIGHTS|42000
23453|OVAL  MINI PORTRAIT FRAME|39000
22079|RIBBON REEL HEARTS DESIGN |65800
62095B||0
22371|AIRLINE BAG VINTAGE TOKYO 78|165800
21982|PACK OF 12 SUKI TISSUES |5800
22607|WOODEN ROUNDERS GARDEN SET |332600
22646|CERAMIC STRAWBERRY CAKE MONEY BANK|67200
40016|CHINESE DRAGON PAPER LANTERNS|8400
51014L|FEATHER PEN,LIGHT PINK|7800
20829|GLITTER HANGING BUTTERFLY STRING|42000
84509G|SET OF 4 FAIRY CAKE PLACEMATS |67200
22422|TOOTHPASTE TUBE PEN|13000
22449|SILK PURSE BABUSHKA PINK|135400
23034|DRAWER KNOB CERAMIC BLACK|29000
23029|DRAWER KNOB CRACKLE GLAZE GREEN|33000
22853|CAT BOWL VINTAGE CREAM|65000
90130B|TURQ STONE/CRYSTAL EARRINGS|58000
21865|PINK UNION JACK  PASSPORT COVER |82600
22547|MINI JIGSAW DINOSAUR |8400
16235|RECYCLED PENCIL WITH RABBIT ERASER|4200
23354|6 GIFT TAGS 50'S CHRISTMAS |16600
21194|PINK  HONEYCOMB PAPER FAN|13000
72802C|VANILLA SCENT CANDLE JEWELLED BOX|85000
37413|ICON MUG REVOLUTIONARY|7800
21813|GARLAND WITH STARS AND BELLS|65800
22691|DOORMAT WELCOME SUNRISE|159000
23497|CLASSIC CHROME BICYCLE BELL |29000
21738|COSY SLIPPER SHOES SMALL  RED |59000
22255|FELT TOADSTOOL  SMALL|32600
35095A|BLUE VICTORIAN FABRIC OVAL BOX|16600
22485|SET OF 2 WOODEN MARKET CRATES|255000
84826|ASSTD DESIGN 3D PAPER STICKERS|17000
22904|CALENDAR PAPER CUT DESIGN|59000
22535|MAGIC DRAWING SLATE BUNNIES |16600
22855|FINE WICKER HEART |25000
84313B|BLUE TV TRAY TABLE |85000
22788|BROCANTE COAT RACK|199000
23238|SET OF 4 KNICK KNACK TINS LONDON |165800
22289|HANGING METAL CHICKEN DECORATION|25000
23286|BLUE VINTAGE SPOT BEAKER|17000
21200|MULTICOLOUR HONEYCOMB PAPER GARLAND|32600
22841|ROUND CAKE TIN VINTAGE GREEN|159000
35649|VINTAGE BEAD COSMETIC BAG |49200
22441|GROW YOUR OWN BASIL IN ENAMEL MUG|82600
78124|MAGAZINE RACK GEBRA ASSORTED |25000
85034C|3 ROSE MORRIS BOXED CANDLES|25000
22183|CAKE STAND VICTORIAN FILIGREE MED|115800
22366|DOORMAT AIRMAIL |159000
22759|SET OF 3 NOTEBOOKS IN PARCEL|33000
85116|BLACK CANDELABRA T-LIGHT HOLDER|32600
21287|SCENTED VELVET LOUNGE CANDLE |7600
23269|SET OF 2 CERAMIC CHRISTMAS TREES|29000
S|SAMPLES|1900000
23559|WOODLAND BUNNIES LOLLY MAKERS|82600
20682|RED RETROSPOT CHILDRENS UMBRELLA|65000
23188|VINTAGE  2 METRE FOLDING RULER|33000
22600|CHRISTMAS RETROSPOT STAR WOOD|17000
23342|MINT DINER WALL CLOCK|170000
21846|PINK DIAMANTE PEN IN GIFT BOX|84200
84912B|GREEN ROSE WASHBAG|65800
22637|PIGGY BANK RETROSPOT |51000
84795B|SUNSET CHECK HAMMOCK|159000
20963|APPLE BATH SPONGE|25000
21592|RETROSPOT CIGAR BOX MATCHES |25000
22661|CHARLOTTE BAG DOLLY GIRL DESIGN|17000
21447|12 IVORY ROSE PEG PLACE SETTINGS|25000
85180B|PINK HEARTS LIGHT CHAIN |49200
22154|ANGEL DECORATION 3 BUTTONS |16600
21479|WHITE SKULL HOT WATER BOTTLE |75000
90129C|GREEN GLASS TASSLE BAG CHARM|32600
21781|MA CAMPAGNE CUTLERY BOX|299000
22524|CHILDRENS GARDEN GLOVES BLUE|25000
23391| I LOVE LONDON MINI BACKPACK|165800
22028|PENNY FARTHING BIRTHDAY CARD|8400
21925|UNION STRIPE CUSHION COVER |25000
84279B|CHERRY BLOSSOM DECORATIVE FLASK|75000
90099|NECKLACE+BRACELET SET BLUE HIBISCUS|51000
85131D|BEADED CRYSTAL HEART PINK ON STICK|25000
23231|WRAP  VINTAGE DOILY |8400
72140E|BEST DAD CANDLE LETTERS|17000
22293|HANGING CHICK GREEN DECORATION|29000
22150|3 STRIPEY MICE FELTCRAFT|39000
84012|MAGIC SHEEP WOOL GROWING FROM PAPER|17000
85018D|YULETIDE IMAGES S/6 PAPER BOXES|51000
20828|GLITTER BUTTERFLY CLIPS|51000
85114A|BLACK ENCHANTED FOREST PLACEMAT|65800
72122|COFFEE SCENT PILLAR CANDLE|19000
22186|RED STAR CARD HOLDER|39000
22591|CARDHOLDER GINGHAM CHRISTMAS TREE|65000
23394|POSTE FRANCE CUSHION COVER|215800
62096A|PINK/YELLOW FLOWERS HANDBAG|25000
22188|BLACK HEART CARD HOLDER|79000
90116|FRUIT SALAD BAG CHARM|33800
20838|FRENCH LATTICE CUSHION COVER |65800
23509|MINI PLAYING CARDS FUN FAIR |8400
23234|BISCUIT TIN VINTAGE CHRISTMAS|57800
22473|TV DINNER TRAY VINTAGE PAISLEY|0
72799F|IVORY PILLAR CANDLE GOLD FLOCK|59000
23237|SET OF 4 KNICK KNACK TINS LEAF|83000
23515|EMBROIDERED RIBBON REEL DAISY |41600
23111|PARISIENNE SEWING BOX|250000
47567B|TEA TIME KITCHEN APRON|119000
22817|CARD SUKI BIRTHDAY|8600
22357|KINGS CHOICE BISCUIT TIN|169400
22163|HEART STRING MEMO HOLDER HANGING|32600
85230E|STRAWBRY SCENTED VOTIVE CANDLE|4200
22367|CHILDRENS APRON SPACEBOY DESIGN|82600
23396|LA JARDIN BOTANIQUE CUSHION COVER|215800
85199S|SMALL HANGING IVORY/RED WOOD BIRD|16600
22410|MONEY BOX HOUSEKEEPING DESIGN|25000
22264|FELT FARM ANIMAL WHITE BUNNY |16200
90064B|BLACK VINTAGE  CRYSTAL EARRINGS|75000
23518|EMBROIDERED RIBBON REEL RACHEL |57800
23534|STOP FOR TEA WALL ART|119000
21561|DINOSAUR LUNCH BOX WITH CUTLERY|51000
23061|VINTAGE EMBOSSED HEART|25000
22710|WRAP I LOVE LONDON |8400
22541|MINI JIGSAW LEAP FROG|16600
79164|BLACK WINE GLASS|7800
22059|CERAMIC STRAWBERRY DESIGN MUG|29800
37489D|PINK/GREEN FLOWER DESIGN BIG MUG|7800
21889|WOODEN BOX OF DOMINOES|25000
22999|TRAVEL CARD WALLET VINTAGE LEAF|8400
47591D|PINK FAIRY CAKE CHILDRENS APRON|39000
22953|BIRTHDAY PARTY CORDON BARRIER TAPE|49200
62074B|ELEPHANT CLIP W SUCTION CUP|8400
22424|ENAMEL BREAD BIN CREAM|509800
35599D|PINK AND WHITE CHRISTMAS TREE 120CM|59000
85183A|CHARLIE & LOLA WASTEPAPER BIN BLUE|25000
23470|CARD HOLDER LOVE BIRD LARGE |125000
21718|RED METAL BEACH SPADE |25000
22109|FULL ENGLISH BREAKFAST PLATE|67800
22031|BOTANICAL LAVENDER BIRTHDAY CARD|17000
22381|TOY TIDY PINK POLKADOT|82600
22311|OFFICE MUG WARMER BLACK+SILVER |59000
22954|HEN PARTY CORDON BARRIER TAPE|50200
85032A|ROMANTIC IMAGES GIFT WRAP SET|32600
21822|GLITTER CHRISTMAS TREE WITH BELLS|32600
23581|JUMBO BAG PAISLEY PARK|41600
84818|DANISH ROSE PHOTO FRAME|17000
22694|WICKER STAR |42000
22652|TRAVEL SEWING KIT|33000
21980|PACK OF 12 RED RETROSPOT TISSUES |16600
84931A|PINK SCOTTIE DOG W FLOWER PATTERN|32600
21221|SET/4 BADGES CUTE CREATURES|25000
22269|EGG CUP NATURAL CHICKEN|25000
21841|BABY MOUSE RED GINGHAM DRESS|85000
23002|TRAVEL CARD WALLET SKULLS|8400
23055|IVORY CHANDELIER T-LIGHT HOLDER|125000
22909|SET OF 20 VINTAGE CHRISTMAS NAPKINS|17000
21905|MORE BUTTER METAL SIGN |42000
84536B|FAIRY CAKES NOTEBOOK A7 SIZE|8400
22400|MAGNETS PACK OF 4 HOME SWEET HOME|7800
84032A|CHARLIE+LOLA PINK HOT WATER BOTTLE|15800
85194L|HANGING SPRING FLOWER EGG LARGE|32600
22992|REVOLVER WOODEN RULER |33000
21015|DARK BIRD HOUSE TREE DECORATION|5800
84509B|SET OF 4 FAIRY CAKE PLACEMATS|65800
23031|DRAWER KNOB CRACKLE GLAZE PINK|33000
22372|AIRLINE BAG VINTAGE WORLD CHAMPION |165800
23353|6 GIFT TAGS VINTAGE CHRISTMAS |16600
23220|REINDEER HEART DECORATION GOLD|16600
21068|VINTAGE BILLBOARD LOVE/HATE MUG|25000
21163|DO NOT TOUCH MY STUFF DOOR HANGER |7800
22693|GROW A FLYTRAP OR SUNFLOWER IN TIN|25000
90058B|CRYSTAL STUD EARRINGS ASSORTED COL |7600
22398|MAGNETS PACK OF 4 SWALLOWS|7800
90187B|GREEN DROP EARRINGS W BEAD CLUSTER|66400
23075|PARLOUR CERAMIC WALL HOOK|75000
37475|SET/4 COLOURFUL MIXING BOWLS|199000
20973|12 PENCIL SMALL TUBE WOODLAND|13000
23570|TRADITIONAL PICK UP STICKS GAME |49200
23003|TRAVEL CARD WALLET VINTAGE ROSE |8400
82599|?|0
23210|WHITE ROCKING HORSE HAND PAINTED|25000
15044C|PURPLE PAPER PARASOL|59000
20675|BLUE POLKADOT BOWL|49200
23128|DOLLCRAFT BOY JEAN-PAUL |99000
23130|MISTLETOE HEART WREATH GREEN|165800
18097C|WHITE TALL PORCELAIN T-LIGHT HOLDER|51000
23010|CIRCUS PARADE BABY GIFT SET|339000
84906|PINK B'FLY C/COVER W BOBBLES|119000
20831|GOLD PHOTO FRAME|82600
20676|RED RETROSPOT BOWL|25000
85227|SET OF 6 3D KIT CARDS FOR KIDS|17000
23499|SET 12 VINTAGE DOILY CHALK |16600
23555|LANDMARK FRAME NOTTING HILL |219000
22437|SET OF 9 BLACK SKULL BALLOONS|17000
22087|PAPER BUNTING WHITE LACE|51000
23223|CHRISTMAS TREE HANGING SILVER |16600
23296|SET OF 6 TEA TIME BAKING CASES|25000
22244|3 HOOK HANGER MAGIC GARDEN|82600
84559b|3D SHEET OF CAT STICKERS|33800
22983|CARD BILLBOARD FONT|8400
72801c|4 ROSE PINK DINNER CANDLES|49200
85150|LADIES & GENTLEMEN METAL SIGN|51000
20707|CRAZY DAISY HEART DECORATION|16600
22770|MIRROR CORNICE|299000
21494|ROTATING LEAVES T-LIGHT HOLDER|115800
22123|PING MICROWAVE APRON|39000
21775|DECORATIVE FLORE BATHROOM BOTTLE|49200
22118|JOY WOODEN BLOCK LETTERS|232600
22306|SILVER MUG BONE CHINA TREE OF LIFE|21200
21316|SMALL CHUNKY GLASS ROMAN  BOWL|15800
23032|DRAWER KNOB CRACKLE GLAZE IVORY|33000
22566|FELTCRAFT HAIRBAND PINK AND PURPLE|17000
22049|WRAP CHRISTMAS SCREEN PRINT|3800
21313|GLASS HEART T-LIGHT HOLDER |17000
23244|ROUND STORAGE TIN VINTAGE LEAF|39000
21115|ROSE CARAVAN DOORSTOP|135000
85132A|CHARLIE + LOLA BISCUITS TINS|39000
23319|BOX OF 6 MINI 50'S CRACKERS|49800
22845|VINTAGE CREAM CAT FOOD CONTAINER|254400
22512|DOORSTOP RACING CAR DESIGN|75000
23000|TRAVEL CARD WALLET TRANSPORT|8400
22665|RECIPE BOX BLUE SKETCHBOOK DESIGN|132600
79063D|RETRO PILL BOX , REVOLUTIONARY|3800
21358|TOAST ITS - HAPPY BIRTHDAY|25000
21215|IVORY PAPER CUP CAKE CASES |25000
35924|HANGING FAIRY CAKE DECORATION|82600
85214|TUB 24 PINK FLOWER PEGS|33000
85167B|BLACK GRAND BAROQUE PHOTO FRAME|169400
21257|VICTORIAN SEWING BOX MEDIUM|322600
84997c|CHILDRENS CUTLERY POLKADOT BLUE|165800
22461|SAVOY ART DECO CLOCK|79000
85035C|ROSE 3 WICK MORRIS BOX CANDLE|25000
85025C|PINK HEART SHAPE PHOTO FRAME|33000
72807C|SET/3 VANILLA SCENTED CANDLE IN BOX|85000
85208|SET/12 FUNKY FELT FLOWER PEG IN BAG|42000
21238|RED RETROSPOT CUP|32600
20886|BOX OF 9 PEBBLE CANDLES|84200
21162|TOXIC AREA  DOOR HANGER |7800
22094|RED RETROSPOT TISSUE BOX|7800
22046|TEA PARTY  WRAPPING PAPER |8400
21671|RED SPOT CERAMIC DRAWER KNOB|25000
22399|MAGNETS PACK OF 4 CHILDHOOD MEMORY|25000
20748|KENSINGTON COFFEE SET|255000
22335|HEART DECORATION PAINTED ZINC |13000
23110|PARISIENNE KEY CABINET |115000
21442|GREEN BIRDHOUSE DECORATION|17000
35972|DAISY FOLKART HEART DECORATION|25000
22251|BIRDHOUSE DECORATION MAGIC GARDEN|25000
85062|PEARL CRYSTAL PUMPKIN T-LIGHT HLDR|33000
21845|DAIRY MAID STRIPE MUG|15800
22080|RIBBON REEL POLKADOTS |33000
22315|200 RED + WHITE BENDY STRAWS|25000
22640|SET OF 4 NAPKIN CHARMS 3 KEYS |51000
22815|CARD PSYCHEDELIC APPLES|8400
22683|FRENCH BLUE METAL DOOR SIGN 8|25000
21967|PACK OF 12 SKULL TISSUES|5800
82613A|METAL SIGN,CUPCAKE SINGLE HOOK|49200
22250|DECORATION  BUTTERFLY  MAGIC GARDEN|17000
20966|SANDWICH BATH SPONGE|49200
23546|WRAP PAISLEY PARK |8400
82616C|MIDNIGHT GLAMOUR SCARF KNITTING KIT|59000
20652|BLUE POLKADOT LUGGAGE TAG |16600
22451|SILK PURSE BABUSHKA RED|67000
84828|JUNGLE POPSICLES ICE LOLLY HOLDERS|49200
23217|LAUREL HEART ANTIQUE SILVER|25000
23512|EMBROIDERED RIBBON REEL ROSIE|41600
22913|RED COAT RACK PARIS FASHION|99000
22729|ALARM CLOCK BAKELIKE ORANGE|75000
22688|DOORMAT PEACE ON EARTH BLUE|165000
22215|CAKE STAND WHITE TWO TIER LACE|59000
22434|BALLOON PUMP WITH 10 BALLOONS|39000
21082|SET/20 FRUIT SALAD PAPER NAPKINS |32600
21706|FOLDING UMBRELLA RED/WHITE POLKADOT|99000
23125|6PC WOOD PLATE SET DISPOSABLE|49200
21403|BLUE EGG  SPOON|8400
21902|KEY FOB , FRONT  DOOR |13000
22273|FELTCRAFT DOLL MOLLY|115800
23252|VINTAGE RED ENAMEL TRIM JUG |75000
22753|SMALL YELLOW BABUSHKA NOTEBOOK |17000
85015|SET OF 12  VINTAGE POSTCARD SET|49200
22798|ANTIQUE GLASS DRESSING TABLE POT|59000
22897|OVEN MITT APPLES DESIGN|29000
22814|CARD PARTY GAMES |8400
22860|EASTER TIN CHICKS PINK DAISY|65800
84951B|SET OF 4 BLACK LOVEBIRD COASTERS|49200
23412|HEART MIRROR ANTIQUE WHITE|150000
84947|ANTIQUE SILVER TEA GLASS ENGRAVED|25000
85114C|RED ENCHANTED FOREST PLACEMAT|33000
22581|WOOD STOCKING CHRISTMAS SCANDISPOT|5800
85036C|ROSE 1 WICK MORRIS BOXED CANDLE|85000
16161G|WRAP BAD HAIR DAY|2000
22301|COFFEE MUG CAT + BIRD DESIGN|51000
22314|OFFICE MUG WARMER CHOC+BLUE|59000
23247|BISCUIT TIN 50'S CHRISTMAS|57800
79067|CORONA MEXICAN TRAY|75000
21026|SPACE OWL|25000
DCGSSGIRL|GIRLS PARTY BAG|65800
22660|DOORMAT I LOVE LONDON|288600
22152|PLACE SETTING WHITE STAR|32600
22565|FELTCRAFT HAIRBANDS PINK AND WHITE |32600
22121|NOEL WOODEN BLOCK LETTERS |119000
21682|LARGE MEDINA STAMPED METAL BOWL |199200
23112|PARISIENNE CURIO CABINET|150000
21626|VINTAGE UNION JACK PENNANT|39000
23360|SET 8 CANDLES VINTAGE DOILY|39000
37479P|CUBIC MUG FLOCK PINK ON BROWN|7800
23121|PACK OF 6 COCKTAIL PARASOL STRAWS|8400
47580|TEA TIME DES TEA COSY|51000
22509|SEWING BOX RETROSPOT DESIGN |79000
22105|MIRROR MOSAIC GOBLET CANDLE HOLDER|85000
84944|SET OF 6 KASHMIR FOLKART BAUBLES|33000
22092|BLUE PAISLEY TISSUE BOX|7800
23133|LARGE IVORY HEART WALL ORGANISER|332600
22396|MAGNETS PACK OF 4 RETRO PHOTO|7800
37370|RETRO COFFEE MUGS ASSORTED|322600
21675|BUTTERFLIES STICKERS|33200
23039|T-LIGHT HOLDER SILVER HEART HANDLE|82600
84673B|BLUE FLY SWAT|15800
85231B|CINAMMON SET OF 9 T-LIGHTS|32600
22598|CHRISTMAS MUSICAL ZINC TREE|16600
21245|GREEN POLKADOT PLATE |33800
84984D|ORIENTAL RED CUSHION COVER |93000
22041|RECORD FRAME 7" SINGLE SIZE |51000
21463|MIRRORED DISCO BALL |99000
90059A|DIAMANTE HAIR GRIP PACK/2 CRYSTAL|33000
23579|SNACK TRAY I LOVE LONDON|39000
21207|SKULL AND CROSSBONES  GARLAND |33000
47421|ASSORTED COLOUR LIZARD SUCTION HOOK|7200
90033|IVORY SHELL HEART EARRINGS|51000
21059|PARTY INVITES DINOSAURS|17000
23583|LUNCH BAG PAISLEY PARK  |33000
85127|SMALL SQUARE CUT GLASS CANDLESTICK|199200
22475|SKULL DESIGN TV DINNER TRAY|220400
20762|GREEN FERN SKETCHBOOK |75000
21001|ROSE DU SUD WASHBAG |82600
20760|GARDEN PATH POCKET BOOK|17000
22682|FRENCH BLUE METAL DOOR SIGN 7|25000
21462|NURSERY A,B,C PAINTED LETTERS|265800
82001s|SILVER RECORD COVER FRAME|149200
47503A|ASS FLORAL PRINT MULTI SCREWDRIVER|8400
72800B| 4 PURPLE FLOCK DINNER CANDLES|51000
23481|PEARLISED IVORY HEART SMALL |25000
23365|SET 12 COLOUR PENCILS LOVE LONDON|13000
23169|CLASSIC GLASS COOKIE JAR|83000
21744|SNOWFLAKE PORTABLE TABLE LIGHT |59000
22344|PARTY PIZZA DISH PINK POLKADOT|17000
85169A|IVORY LOVE BIRD CANDLE|25000
22763|KEY CABINET MA CAMPAGNE|199000
22930|BAKING MOULD HEART MILK CHOCOLATE|51000
84465|15 PINK FLUFFY CHICKS IN BOX|59000
84813|SET OF 4 DIAMOND NAPKIN RINGS|499200
85039A|SET/4 RED MINI ROSE CANDLE IN BOWL|33000
90165B|WHITE ROSEBUD  PEARL EARRINGS|49600
20763|DAISY SKETCHBOOK |75000
23467|VINTAGE ZINC PLANTER  |125000
35599B|BLACK CHRISTMAS TREE 120CM|39000
22919|HERB MARKER MINT|13000
22997|TRAVEL CARD WALLET UNION JACK|16600
71270|PHOTO CLIP LINE|25000
72760B|VINTAGE CREAM 3 BASKET CAKE STAND|415800
22944|CHRISTMAS METAL POSTCARD WITH BELLS|25000
35911A|MULTICOLOUR RABBIT EGG WARMER|16600
22147|FELTCRAFT BUTTERFLY HEARTS|29000
21466|RED FLOWER CROCHET FOOD COVER|75000
22025|RING OF ROSES BIRTHDAY CARD|8400
85130C|BEADED CRYSTAL HEART BLUE  LARGE|15800
20757|RED DAISY POCKET BOOK |17000
22799|SWEETHEART WIRE FRUIT BOWL|170000
23107|WHITE HEARTS WIRE PLANT POT HOLDER|57800
71279|PINK GLASS CANDLEHOLDER|59000
22668|PINK BABY BUNTING|115800
84499|BLACK FLOWER CANDLE PLATE|17000
22310|IVORY KNITTED MUG COSY |67200
22892|SET OF SALT AND PEPPER TOADSTOOLS|25000
22260|FELT EGG COSY BLUE RABBIT |32600
47593B|SCOTTIE DOGS BABY BIB|16600
22530|MAGIC DRAWING SLATE DOLLY GIRL |8400
84846A|SCENTED CANDLE IN DIGITALIS TIN|42000
22745|POPPY'S PLAYHOUSE BEDROOM |65800
21723|ALPHABET HEARTS STICKER SHEET|32600
22700|BLACK AND WHITE DOG BOWL|33600
22214|CANDLE PLATE LACE WHITE|32600
21067|VINTAGE RED TEATIME MUG|25000
21984|PACK OF 12 PINK PAISLEY TISSUES |17000
22247|BUNNY DECORATION MAGIC GARDEN|17000
22762|CUPBOARD 3 DRAWER MA CAMPAGNE|299000
21584|RETROSPOT SMALL TUBE MATCHES|33000
22021|BLUE FELT EASTER EGG BASKET|65800
23140|TRIPLE WIRE HOOK IVORY HEART|83000
22297|HEART IVORY TRELLIS SMALL|25000
20618|QUEEN OF THE SKIES PASSPORT COVER |33200
22257|FELT FARM ANIMAL SHEEP|25000
82582|AREA PATROLLED METAL SIGN|42000
37447|CERAMIC CAKE DESIGN SPOTTED PLATE|65800
84313C||0
23434|3 RAFFIA RIBBONS 50'S CHRISTMAS |15800
22939|APRON APPLE DELIGHT|99000
22809|SET OF 6 T-LIGHTS SANTA|59000
23114|VINTAGE LEAF CHOPPING BOARD  |99000
90083|CRYSTAL CZECH CROSS PHONE CHARM|32600
22246|MAGIC GARDEN FELT GARLAND |82600
22201|FRYING PAN BLUE POLKADOT|85000
22525|CHILDRENS GARDEN GLOVES PINK|0
22412|METAL SIGN NEIGHBOURHOOD WITCH |42000
21947|SET OF 6 HEART CHOPSTICKS|49200
22713|CARD I LOVE LONDON |8400
21636|MADRAS NOTEBOOK MEDIUM|15000
23576|SNACK TRAY RED VINTAGE DOILY|39000
22249|DECORATION WHITE CHICK MAGIC GARDEN|17000
22052|VINTAGE CARAVAN GIFT WRAP|8400
21917|SET 12 KIDS  WHITE CHALK STICKS|8400
22270|HAPPY EASTER HANGING DECORATION|75000
22927|GREEN GIANT GARDEN THERMOMETER|119000
23215|JINGLE BELL HEART ANTIQUE SILVER|41600
22982|PANTRY PASTRY BRUSH|25000
23176|ABC TREASURE BOOK BOX |45000
22332|SKULLS PARTY BAG + STICKER SET|33000
22562|MONSTERS STENCIL CRAFT|25000
85049D|BRIGHT BLUES RIBBONS |25000
84279P|CHERRY BLOSSOM  DECORATIVE FLASK|169400
21588|RETROSPOT GIANT TUBE MATCHES|51000
23339|EGG FRYING PAN BLUE |41600
21383|PACK OF 12 STICKY BUNNIES|13000
21135|VICTORIAN  METAL POSTCARD SPRING|33800
23194|GYMKHANA TREASURE BOOK BOX|91600
23117|POPPY FIELDS CHOPPING BOARD|99000
46776E|WOVEN CANDY CUSHION COVER |82600
47563A|RETRO LONGBOARD IRONING BOARD COVER|65800
23413|VINTAGE COFFEE GRINDER BOX|215800
22252|BIRDCAGE DECORATION TEALIGHT HOLDER|25000
23323|WHITE WICKER STAR |42000
85049e|SCANDINAVIAN REDS RIBBONS|65800
23159|SET OF 5 PANCAKE DAY MAGNETS|41600
22608|PENS ASSORTED FUNKY JEWELED |8400
22057|CERAMIC PLATE STRAWBERRY DESIGN|29800
79030G|TUMBLER NEW ENGLAND|7800
23569|TRADTIONAL ALPHABET STAMP SET|99000
21824|PAINTED METAL STAR WITH HOLLY BELLS|16600
23171|REGENCY TEA PLATE GREEN |33000
20984|12 PENCILS TALL TUBE POSY|5800
22957|SET 3 PAPER VINTAGE CHICK PAPER EGG|59000
20956|PORCELAIN T-LIGHT HOLDERS ASSORTED|25000
21071|VINTAGE BILLBOARD DRINK ME MUG|49200
22771|CLEAR DRAWER KNOB ACRYLIC EDWARDIAN|25000
23089|GLASS BON BON JAR|65800
22331|WOODLAND PARTY BAG + STICKER SET|33000
21098|CHRISTMAS TOILET ROLL|49200
90022|EDWARDIAN DROP EARRINGS JET BLACK|76200
85034B|3 WHITE CHOC MORRIS BOXED CANDLES|25000
22538|MINI JIGSAW GO TO THE FAIR|8400
21332|MOROCCAN BEATEN METAL MIRROR|255000
22859|EASTER TIN BUNNY BOUQUET|33000
22810|SET OF 6 T-LIGHTS SNOWMEN|59000
21088|SET/6 FRUIT SALAD PAPER CUPS|16600
23163|REGENCY SUGAR TONGS|41600
84660C|PINK STITCHED WALL CLOCK|15800
23017|APOTHECARY MEASURING JAR|223000
22899|CHILDREN'S APRON DOLLY GIRL |42000
46000M|POLYESTER FILLER PAD 45x45cm|31000
21913|VINTAGE SEASIDE JIGSAW PUZZLES|75000
35809A|ENAMEL PINK TEA CONTAINER|16600
23393|HOME SWEET HOME CUSHION COVER |75000
47504K|ENGLISH ROSE GARDEN SECATEURS|15800
21656|RIDGED GLASS POSY VASE |29000
23514|EMBROIDERED RIBBON REEL SALLY |41600
23087|ZINC  HEART T-LIGHT HOLDER|25000
47574A|ENGLISH ROSE SCENTED HANGING FLOWER|15000
46000R|POLYESTER FILLER PAD 45x30cm|29000
84970L|SINGLE HEART ZINC T-LIGHT HOLDER|19000
85124B|BLUE JUICY FRUIT PHOTO FRAME|51000
22487|WHITE WOOD GARDEN PLANT LADDER|399200
21916|SET 12 RETRO WHITE CHALK STICKS|16200
22262|FELT EGG COSY CHICKEN|17000
22204|MILK PAN BLUE POLKADOT|65800
23377|PACK OF 12 DOLLY GIRL TISSUES|16600
20897|VINTAGE NOTEBOOK PARIS DAYS|49200
16008|SMALL FOLDING SCISSOR(POINTED EDGE)|2400
21198|WHITE HEART CONFETTI IN TUBE|33000
21445|12 PINK ROSE PEG PLACE SETTINGS|25000
22680|FRENCH BLUE METAL DOOR SIGN 5|49200
84660A|WHITE STITCHED WALL CLOCK|25000
90209B|GREEN ENAMEL+GLASS HAIR COMB|41400
22241|GARLAND WOODEN HAPPY EASTER|49200
90152B|BLUE/GREEN SHELL NECKLACE W PENDANT|119000
23333|IVORY WICKER HEART MEDIUM|49200
21467|CHERRY CROCHET FOOD COVER|152400
21807|WHITE CHRISTMAS STAR DECORATION|8400
23271|CHRISTMAS TABLE SILVER CANDLE SPIKE|16600
35921|EASTER BUNNY HANGING GARLAND|25000
21243|PINK  POLKADOT PLATE |33800
23093|SMALL PARISIENNE HEART PHOTO FRAME |49800
22148|EASTER CRAFT 4 CHICKS |39000
23240|SET OF 4 KNICK KNACK TINS DOILEY |83000
22312|OFFICE MUG WARMER POLKADOT|115800
23417|BATHROOM HOOK|7800
22760|TRAY, BREAKFAST IN BED|255000
23101|SILVER STARS TABLE DECORATION|16600
84031A|CHARLIE+LOLA RED HOT WATER BOTTLE |84200
22537|MAGIC DRAWING SLATE DINOSAUR|8400
22408|MONEY BOX CONFECTIONERY DESIGN|49200
21195|PINK  HONEYCOMB PAPER BALL |42000
22072|RED RETROSPOT TEA CUP AND SAUCER |75000
22406|MONEY BOX KINGS CHOICE DESIGN|25000
22940|FELTCRAFT CHRISTMAS FAIRY|85000
22425|ENAMEL COLANDER CREAM|199200
72807A|SET/3 ROSE CANDLE IN JEWELLED BOX|85000
23346|SPACEBOY BEAKER|25000
20766|GARDEN PATH SKETCHBOOK|75000
22302|COFFEE MUG PEARS  DESIGN|51000
90028|NEW BAROQUE LARGE NECKLACE BLK/WHIT|166400
22719|GUMBALL MONOCHROME COAT RACK|49200
22129|PARTY CONES CANDY TREE DECORATION|17000
21591|COSY HOUR CIGAR BOX MATCHES |25000
23027|DRAWER KNOB VINTAGE GLASS HEXAGON|41600
15044A|PINK PAPER PARASOL |59000
90214R|LETTER "R" BLING KEY RING|16600
21278|VINTAGE KITCHEN PRINT PUDDINGS|51000
84849B|FAIRY SOAP SOAP HOLDER|33800
22949|36 DOILIES DOLLY GIRL|29000
84509c|SET OF 4 POLKADOT PLACEMATS |149200
84580|MOUSE TOY WITH PINK T-SHIRT|75000
22796|PHOTO FRAME 3 CLASSIC HANGING|199000
22959|WRAP CHRISTMAS VILLAGE|8400
21012|ANTIQUE ALL GLASS CANDLESTICK|42000
23372|SET 36 COLOUR PENCILS DOLLY GIRL|25000
85048|15CM CHRISTMAS GLASS BALL 20 LIGHTS|159000
21270|ANTIQUE CREAM CUTLERY CUPBOARD|499200
21190|PINK HEARTS PAPER GARLAND|33000
17012D|ORIGAMI ROSE INCENSE/CANDLE SET |17000
22353|LUNCH BOX WITH CUTLERY FAIRY CAKES |51000
22220|CAKE STAND LOVEBIRD 2 TIER WHITE|399200
21622|VINTAGE UNION JACK CUSHION COVER|99000
84920|PINK FLOWER FABRIC PONY|75000
84685|BEACH HUT KEY CABINET|75000
22716|CARD CIRCUS PARADE|8400
23451|SQUARE MINI PORTRAIT FRAME|39000
23483|HANGING  BUTTERFLY T-LIGHT HOLDER|25000
22800|ANTIQUE TALL SWIRLGLASS TRINKET POT|75000
23225|CHERUB HEART DECORATION SILVER |32600
23081|GREEN METAL BOX ARMY SUPPLIES|150000
72800F||0
23551|PACK OF 12 PAISLEY PARK TISSUES |7800
22248|DECORATION  PINK CHICK MAGIC GARDEN|17000
22515|CHILDS GARDEN SPADE PINK|42000
21972|SET OF 36 DINOSAUR PAPER DOILIES|29000
21408|SPOTTY PINK DUCK DOORSTOP|39000
22894|TABLECLOTH RED APPLES DESIGN |199000
85183B|CHARLIE & LOLA WASTEPAPER BIN FLORA|152400
23548|WRAP MAGIC FOREST |8400
84989a|75 GREEN FAIRY CAKE CASES|42600
23158|SET OF 5 LUCKY CAT MAGNETS |82600
22597|MUSICAL ZINC HEART DECORATION |17000
21028|NINJA RABBIT BLACK|49200
22340|NOEL GARLAND PAINTED ZINC |7800
22941|CHRISTMAS LIGHTS 10 REINDEER|170000
21208|PASTEL COLOUR HONEYCOMB FAN|33000
23316|RED REFECTORY CLOCK |199000
82011A|BATHROOM SCALES, TROPICAL BEACH|75000
22932|BAKING MOULD TOFFEE CUP CHOCOLATE|42000
22870|NUMBER TILE COTTAGE GARDEN 2|39000
22985|WRAP BILLBOARD FONTS DESIGN|8400
22217|T-LIGHT HOLDER HANGING LACE|49200
21948|SET OF 6 CAKE CHOPSTICKS|25000
22480|RED TEA TOWEL CLASSIC DESIGN|25000
22673|FRENCH GARDEN SIGN BLUE METAL|25000
21390|FILIGRIS HEART WITH BUTTERFLY|25000
23422|PANTRY HOOK BALLOON WHISK |41600
21259|VICTORIAN SEWING BOX SMALL |249200
22975|SPACEBOY CHILDRENS EGG CUP|25000
84228|HEN HOUSE W CHICK STANDING|8400
23131|MISELTOE HEART WREATH WHITE|75000
23150|IVORY SWEETHEART SOAP DISH|99200
35915B|BLUE KNITTED HEN |33000
21161||0
23066|SMALL DECO JEWELLERY STAND|165000
23122|PARTY CHARMS 50 PIECES|16600
10135|COLOURING PENCILS BROWN TUBE|49200
84843|WHITE SOAP RACK WITH 2 BOTTLES|119000
46776B|WOVEN BERRIES CUSHION COVER |99000
21456|2 PICTURE BOOK EGGS EASTER CHICKS|25000
22419|LIPSTICK PEN RED|17000
84792|ENCHANTED BIRD COATHANGER 5 HOOK|93000
20839|FRENCH PAISLEY CUSHION COVER |65800
22339|CHRISTMAS TREE PAINTED ZINC |3800
23398|HANGING HEART BONHEUR|17000
35810A|ENAMEL PINK COFFEE CONTAINER|16600
23552|BICYCLE PUNCTURE REPAIR KIT |41600
22360|GLASS JAR ENGLISH CONFECTIONERY|115800
84997B|RED 3 PIECE RETROSPOT CUTLERY SET|75000
23366|SET 12 COLOURING PENCILS DOILY|25000
23536|WALL ART VILLAGE SHOW |119000
21311|SET/4 BIRD MIRROR MAGNETS |5800
22514|CHILDS GARDEN SPADE BLUE|42000
22103|MIRROR MOSAIC T-LIGHT HOLDER ROUND|33000
85093|CANDY SPOT EGG WARMER HARE|7800
23423|PANTRY 3 HOOK ROLLING PIN HANGER|75000
22108|PING! MICROWAVE PLATE|25000
22099|CARAVAN SQUARE TISSUE BOX|7800
22165|DIAMANTE HEART SHAPED WALL MIRROR, |220400
23392|SPACEBOY ROCKET LOLLY MAKERS|82600
84569B|PACK 3 FIRE ENGINE/CAR PATCHES|25000
22376|AIRLINE BAG VINTAGE JET SET WHITE|85000
71477|COLOURED GLASS STAR T-LIGHT HOLDER|65800
22856|ASSORTED EASTER DECORATIONS  BELLS|25000
84559A|3D SHEET OF DOG STICKERS|32600
47369A|PINK GREEN EMBROIDERY COSMETIC BAG|115800
21770|OPEN CLOSED METAL SIGN|99000
21724|PANDA AND BUNNIES STICKER SHEET|17000
22334|DINOSAUR PARTY BAG + STICKER SET|29000
72801d|4 SKY BLUE DINNER CANDLES|49200
22096|PINK PAISLEY SQUARE TISSUE BOX |7800
20830|SILVER PHOTO FRAME|82600
20971|PINK BLUE FELT CRAFT TRINKET BOX|50200
84660B|BLACK STITCHED WALL CLOCK|25000
22403|MAGNETS PACK OF 4 VINTAGE LABELS |7800
84687|BEACH HUT SHELF W 3 DRAWERS|119000
23233|WRAP POPPIES  DESIGN|8400
23143|ZINC WIRE KITCHEN ORGANISER|208000
22325|MOBILE VINTAGE HEARTS |99000
22900|SET 2 TEA TOWELS I LOVE LONDON |55000
23401|RUSTIC MIRROR WITH LACE HEART|125000
81950B|FLOWER BLUE CLOCK WITH SUCKER|5800
23090|VINTAGE GLASS T-LIGHT HOLDER|16600
22559|SEASIDE FLYING DISC|49200
20619|TROPICAL PASSPORT COVER |32600
22852|DOG BOWL VINTAGE CREAM|85000
72799E|IVORY PILLAR CANDLE SILVER FLOCK|65800
21955|DOORMAT UNION JACK GUNS AND ROSES|91600
21758|VINTAGE SHELLS PRINT|129000
21469|POLKA DOT RAFFIA FOOD COVER|75000
23373|VINTAGE CHRISTMAS PAPER GIFT BAG|16400
84804A|CREAM DELPHINIUM ARTIFICIAL FLOWER|59000
18094C|WHITE AND BLUE CERAMIC OIL BURNER|49200
84030e|ENGLISH ROSE HOT WATER BOTTLE|182600
23636|SET 10 CARDS WISHING TREE 17116|58200
23501|KEY RING BASEBALL BOOT UNION JACK|25000
21172|PARTY METAL SIGN |29000
84929|ASSTD FRUIT+FLOWERS FRIDGE MAGNETS|3800
21224|SET/4 SKULL BADGES|16600
23564|EGG CUP MILKMAID INGRID|49200
21205|MULTICOLOUR 3D BALLS GARLAND|51000
22838|3 TIER CAKE TIN RED AND CREAM|299000
84497||0
22813|PACK 3 BOXES BIRD PANNETONE |39000
22313|OFFICE MUG WARMER PINK|59000
22032|BOTANICAL LILY GREETING CARD|16600
21918|SET 12 KIDS COLOUR  CHALK STICKS|16600
85104|SILVER GLASS T-LIGHT SET|51000
BANK CHARGES|Bank Charges|3e+05
85230F|JASMINE VOTIVE CANDLE|5800
16258A|SWIRLY CIRCULAR RUBBERS IN BAG|8400
21881|CUTE CATS TAPE|8400
16045|POPART WOODEN PENCILS ASST|800
21711|FOLDING UMBRELLA WHITE/RED POLKADOT|99000
85187|S/12 MINI RABBIT EASTER|33000
23420|PANTRY HOOK TEA STRAINER |41600
85049g|CHOCOLATE BOX RIBBONS |49200
22896|PEG BAG APPLES DESIGN|51000
20684|STRAWBERRY DREAM CHILDS UMBRELLA|135400
23547|WRAP FLOWER SHOP  |8400
20653|CHERRY BLOSSOM LUGGAGE TAG|17000
23265|SET OF 3 WOODEN TREE DECORATIONS|25000
21206|STRAWBERRY HONEYCOMB  GARLAND |33000
21391|FRENCH LAVENDER SCENT HEART|15000
21620|SET OF 4 ROSE BOTANICAL CANDLES|25000
23459|DOLLY CABINET 2 DRAWERS |250000
22098|BOUDOIR SQUARE TISSUE BOX|49200
85172|HYACINTH BULB T-LIGHT CANDLES|8400
72132|COLUMBIAN CUBE CANDLE|39000
22119|PEACE WOODEN BLOCK LETTERS|39000
21821|GLITTER STAR GARLAND WITH BELLS |75000
23403|LETTER HOLDER HOME SWEET HOME|75000
23568|EGG CUP HENRIETTA HEN CREAM |25000
21157|RED RETROSPOT WASHBAG|42000
20679|EDWARDIAN PARASOL RED|119000
20616|CHERRY BLOSSOM PASSPORT COVER|15000
22488|NATURAL SLATE RECTANGLE CHALKBOARD|33000
21249|WOODLAND  HEIGHT CHART STICKERS |59000
85019B|BLOSSOM  IMAGES NOTEBOOK SET|49200
21847|GREEN  DIAMANTE PEN IN GIFT BOX|99000
23096|PETIT TRAY CHIC|33000
20934|SET/3 POT PLANT CANDLES|215800
90161C|ANT COPPER LIME BOUDICCA BRACELET|99600
84905|PINK BUTTERFLY CUSHION COVER |99200
47310M|SMALL POP BOX FUNKY MONKEY|32600
82494l|WOODEN FRAME ANTIQUE WHITE |165800
23065|LARGE DECO JEWELLERY STAND|499200
47590b|PINK HAPPY BIRTHDAY BUNTING|215800
85185B|PINK HORSE SOCK PUPPET|59000
22395|PAPERWEIGHT VINTAGE PAISLEY|51000
23214|JINGLE BELL HEART ANTIQUE GOLD|41600
22755|SMALL PURPLE BABUSHKA NOTEBOOK |17000
22504|CABIN BAG VINTAGE RETROSPOT|599000
84923|PINK BUTTERFLY HANDBAG W BOBBLES|82600
23421|PANTRY HOOK SPATULA|82600
22740|POLKADOT PEN|17000
17003|BROCADE RING PURSE |7800
22564|ALPHABET STENCIL CRAFT|25000
85054|FRENCH ENAMEL POT W LID|59000
22988|SOLDIERS EGG CUP |25000
22342|HOME GARLAND PAINTED ZINC |15000
23040|PAPER LANTERN 9 POINT SNOW STAR |115000
20733|GOLD MINI TAPE MEASURE |16600
85061W|WHITE JEWELLED HEART DECORATION|32600
23118|PARISIENNE JEWELLERY DRAWER |150000
21537|RED RETROSPOT PUDDING BOWL|85000
37468|HARDMAN MUG 3 ASSORTED|7800
23525|BUFFALO BILL WALL ART |65800
23148|MINIATURE ANTIQUE ROSE HOOK IVORY|16600
90200D|PINK SWEETHEART BRACELET|83000
84870B|BLUE GEISHA GIRL |75000
20756|GREEN FERN POCKET BOOK|17000
84559a|3D SHEET OF DOG STICKERS|33200
22703|PINK CAT BOWL|32600
84031B|CHARLIE LOLA BLUE HOT WATER BOTTLE |82600
15039|SANDALWOOD FAN|32600
21872|GLAMOROUS  MUG|25000
22203|MILK PAN RED RETROSPOT|25000
16156S|WRAP PINK FAIRY CAKES |8400
22272|Damaged|0
23407|SET OF 2 TRAYS HOME SWEET HOME|199000
21880|RED RETROSPOT TAPE|8400
22258|FELT FARM ANIMAL RABBIT|25000
21669|BLUE STRIPE CERAMIC DRAWER KNOB|25000
72817|SET OF 2 CHRISTMAS DECOUPAGE CANDLE|32600
22548|HEADS AND TAILS SPORTING FUN|25000
21129|SILVER FISHING GNOME |249200
22362|GLASS JAR PEACOCK BATH SALTS|59000
22516|CHILDS GARDEN RAKE BLUE|42000
23106|ZINC HEARTS PLANT POT HOLDER|57800
84870C|GREEN GEISHA GIRL |75000
23226|FILIGREE HEART DAISY WHITE|49200
21397|BLUE POLKADOT EGG CUP |7800
78034B|BLUE NETTING STORAGE HANGER|39000
85099F|JUMBO BAG STRAWBERRY|41600
22808|SET OF 6 T-LIGHTS EASTER CHICKS|59000
23299|FOOD COVER WITH BEADS SET 2 |67800
22782|SET 3 WICKER STORAGE BASKETS |499000
22521|CHILDS GARDEN TROWEL PINK|17000
22453|MEASURING TAPE BABUSHKA BLUE|51000
22120|WELCOME  WOODEN BLOCK LETTERS|199000
20770|ABSTRACT CIRCLE JOURNAL |49200
16054|POPART RECT PENCIL SHARPENER ASST|2400
84510c|SET OF 4 POLKADOT COASTERS|49200
22701|PINK DOG BOWL|59000
21123|SET/10 IVORY POLKADOT PARTY CANDLES|25000
84803B|WHITE ALLIUM  ARTIFICIAL FLOWER|33800
23283|DOORMAT VINTAGE LEAVES DESIGN |135000
21809|CHRISTMAS HANGING TREE WITH BELL|50200
23493|VINTAGE DOILY TRAVEL SEWING KIT|39000
23539|WALL ART LOVES' SECRET |119000
46000S|POLYESTER FILLER PAD 40x40cm|29000
23060|HEART BEADED TRELLIS DECORATION|41600
23474|WOODLAND SMALL BLUE FELT HEART|16600
22929|SCHOOL DESK AND CHAIR |1300000
90038A|GLASS AND PAINTED BEADS BRACELET TO|74600
90214B|LETTER "B" BLING KEY RING|16600
84821|DANISH ROSE DELUXE COASTER|17000
22829|SWEETHEART WIRE WALL TIDY|199000
85169C|EAU DE NIL LOVE BIRD CANDLE|25000
21804|dotcom|0
22232|JIGSAW TOADSTOOLS 3 PIECE|11800
23255|CHILDRENS CUTLERY CIRCUS PARADE|83000
46776F|WOVEN ROSE GARDEN CUSHION COVER |82600
23495|SET OF 3 PANTRY WOODEN SPOONS|25000
85049F|BABY BOOM RIBBONS |25000
23067|HANGING ENGRAVED METAL HEART|83000
23160|REGENCY TEA SPOON|25000
22279|POCKET BAG BLUE PAISLEY RED SPOT|49200
23469|CARD HOLDER LOVE BIRD SMALL|83000
84683|CLASSICAL ROSE CANDLESTAND|50200
84806A|PINK CANDYSTUFT ARTIFICIAL FLOWER|7800
20983|12 PENCILS TALL TUBE RED RETROSPOT|17000
85114c|RED ENCHANTED FOREST PLACEMAT|65800
21714|CITRONELLA CANDLE GARDEN POT|25000
22242|5 HOOK HANGER MAGIC TOADSTOOL|33000
23235|STORAGE TIN VINTAGE LEAF|57800
21680|WOODLAND  STICKERS|33200
21351|CINAMMON & ORANGE WREATH|135000
22175|PINK OWL SOFT TOY|59000
23340|VINTAGE CHRISTMAS CAKE FRILL|33000
85188A|GREEN METAL SWINGING BUNNY|17000
23609|SET 10 CARDS SNOWY ROBIN 17099|58200
22902|TOTE BAG I LOVE LONDON|82600
22831|WHITE BROCANTE SOAP DISH|115800
35004C|SET OF 3 COLOURED  FLYING DUCKS|109000
90019B|GOLD M.O.P ORBIT BRACELET|108000
35095B|RED VICTORIAN FABRIC OVAL BOX|16800
22545|MINI JIGSAW BUNNIES|7200
22477|WATERING CAN GARDEN MARKER|25000
23189|SET OF 12 FORK CANDLES|57800
90214K|LETTER "K" BLING KEY RING|16600
22543|MINI JIGSAW BAKE A CAKE |17000
21903|MAN FLU METAL SIGN|42000
22062||0
21708|FOLDING UMBRELLA CREAM POLKADOT|99000
22496|SET OF 2 ROUND TINS DUTCH CHEESE|15800
22223|CAKE PLATE LOVEBIRD PINK|199200
20903|VINTAGE KEEPSAKE BOX TRAVELOGUE|127000
84531B|BLUE KNITTED EGG COSY|39000
22991|GIRAFFE WOODEN RULER|39000
18098C|PORCELAIN BUTTERFLY OIL BURNER|51000
85039B|S/4 IVORY MINI ROSE CANDLE IN BOWL|32600
23016|GLASS TWIST BON BON JAR|157000
84796A|PINK HAWAIIAN PICNIC HAMPER FOR 2|165800
16238|PARTY TIME PENCIL ERASERS|8400
21402|RED  EGG  SPOON|2400
72351B|SET/6 PINK  BUTTERFLY T-LIGHTS|42000
22605|WOODEN CROQUET GARDEN SET|299000
17165D|ASS COL LARGE SAND FROG P'WEIGHT|21000
15056n|EDWARDIAN PARASOL NATURAL|249200
84745A|PINK HANGING GINGHAM EASTER HEN|8400
23519|EMBROIDERED RIBBON REEL CLAIRE|149200
22192|BLUE DINER WALL CLOCK|170000
84993a|75 GREEN PETIT FOUR CASES|16600
23427|STOOL HOME SWEET HOME |250000
35923|CANDY HEART HANGING DECORATION|7800
23550|WRAP ALPHABET POSTER  |8400
21866|UNION JACK FLAG LUGGAGE TAG|65800
23078|ICE CREAM PEN LIP GLOSS |25000
21640|ASSORTED TUTTI FRUTTI  FOB NOTEBOOK|32600
84507B|STRIPES DESIGN MONKEY DOLL|51000
22529|MAGIC DRAWING SLATE GO TO THE FAIR |16600
22599|CHRISTMAS MUSICAL ZINC STAR|17000
17107D|FLOWER FAIRY 5 DRAWER LINERS|51000
21618|4 WILDFLOWER BOTANICAL CANDLES|65800
22337|ANGEL DECORATION PAINTED ZINC |13000
22772|PINK DRAWER KNOB ACRYLIC EDWARDIAN|49200
15056bl|EDWARDIAN PARASOL BLACK|249200
23500|KEY RING BASEBALL BOOT ASSORTED |25000
21949|SET OF 6 STRAWBERRY CHOPSTICKS|25000
47504H|ENGLISH ROSE SPIRIT LEVEL |15800
20781|GOLD EAR MUFF HEADPHONES|109800
23381|PACK OF 12 VINTAGE LEAF TISSUES |16600
23338|EGG FRYING PAN RED |41600
15058B|PINK POLKADOT GARDEN PARASOL|159000
23183|MOTHER'S KITCHEN SPOON REST |149200
47503J|SET/3 FLORAL GARDEN TOOLS IN BAG|159000
23236|DOILEY STORAGE TIN|57800
23320|GIANT 50'S CHRISTMAS CRACKER|57800
21446|12 RED ROSE PEG PLACE SETTINGS|49200
21065|BOOM BOX SPEAKER GIRLS|25000
21107|CREAM SLICE FLANNEL PINK SPOT |59000
22589|CARDHOLDER GINGHAM STAR|99200
21641|ASSORTED TUTTI FRUTTI KEYRING BALL|33200
23161|REGENCY CAKE FORK|25000
84711B|PINK OVAL SHAPE TRINKET BOX|199000
23156|SET OF 5 MINI GROCERY MAGNETS|41600
22972|CHILDREN'S SPACEBOY MUG|33000
84997a|CHILDRENS CUTLERY POLKADOT GREEN |165800
21677|HEARTS  STICKERS|32600
23221|REINDEER HEART DECORATION SILVER|32600
84592|CROCHET ROSE PURSE WITH SUEDE BACK|59000
23273|HEART T-LIGHT HOLDER WILLIE WINKIE|65800
23517|EMBROIDERED RIBBON REEL REBECCA |57800
22749|FELTCRAFT PRINCESS CHARLOTTE DOLL|75000
44234|ASSORTED CIRCULAR MOBILE|4200
84926A|WAKE UP COCKEREL TILE COASTER|5800
22695|WICKER WREATH SMALL|65800
84952A|CLEAR LOVE BIRD T-LIGHT HOLDER|33200
23406|HOME SWEET HOME KEY HOLDER|125000
20774|GREEN FERN NOTEBOOK|33000
23219|LAUREL STAR ANTIQUE SILVER |49200
22479|DAISY GARDEN MARKER|50200
21987|PACK OF 6 SKULL PAPER CUPS|13000
23053|RECYCLED ACAPULCO MAT PINK|165000
23380|PACK OF 12 VINTAGE DOILY TISSUES|16600
21818|GLITTER HEART DECORATION|32600
23044|PAPER LANTERN 9 POINT HOLLY STAR S|83000
84872a|TEATIME FUNKY FLOWER BACKPACK FOR 2|220400
84805A|wet damaged|0
23145|ZINC T-LIGHT HOLDER STAR LARGE|41600
85032B|BLOSSOM IMAGES GIFT WRAP SET|13000
23022|SMALL BONNE JAM JAR  T-LIGHT HOLDER|41600
22135|MINI LADLE LOVE HEART PINK|16600
20936|FORKED CACTUS CANDLE|59000
23502|PLAYING CARDS VINTAGE DOILY |25000
22071|SMALL WHITE RETROSPOT MUG IN BOX |75000
22263|FELT EGG COSY LADYBIRD |17000
23073|GEORGIAN TRINKET BOX|250000
10125|MINI FUNKY DESIGN TAPES|16200
22576|SWALLOW WOODEN CHRISTMAS DECORATION|17000
20979|36 PENCILS TUBE RED RETROSPOT|25000
23213|STAR WREATH DECORATION WITH BELL|25000
22536|MAGIC DRAWING SLATE PURDEY|8400
22742|MAKE YOUR OWN PLAYTIME CARD KIT|59000
20866|BLUE ROSE FABRIC MIRROR|49200
21927|BLUE/CREAM STRIPE CUSHION COVER |25000
85071B|RED CHARLIE+LOLA PERSONAL DOORSIGN|7800
85071A|BLUE CHARLIE+LOLA PERSONAL DOORSIGN|7800
47591d|PINK FAIRY CAKE CHILDRENS APRON|99200
23375|50'S CHRISTMAS PAPER GIFT BAG|16400
85111|SILVER GLITTER FLOWER VOTIVE HOLDER|50200
22618|mouldy, unsaleable.|0
21739|COSY SLIPPER SHOES SMALL GREEN|59000
84968D|SET OF 16 VINTAGE RED CUTLERY|499200
85135A||0
21096|SET/6 FRUIT SALAD  PAPER PLATES|16600
21106|CREAM SLICE FLANNEL CHOCOLATE SPOT |115800
21518|BANK ACCOUNT  GREETING  CARD |7200
23072|MARIE ANTOINETTE TRINKET BOX SILVER|250000
23041|PAPER LANTERN 9 POINT SNOW STAR|83000
85114a|BLACK ENCHANTED FOREST PLACEMAT|65800
22774|RED DRAWER KNOB ACRYLIC EDWARDIAN|49200
20773|BLUE PAISLEY NOTEBOOK|33000
23419|HOME SWEET HOME BOTTLE |41600
85118|HEART T-LIGHT HOLDER|25000
79190B|RETRO PLASTIC POLKA TRAY|16600
21318|GLASS CHALICE BLUE SMALL |65800
84849D|HOT BATHS SOAP HOLDER|33800
79144B|PAINTED LIGHTBULB STAR+ MOON|16600
22522|CHILDS GARDEN FORK BLUE |17000
22320|BIRDS MOBILE VINTAGE DESIGN|119000
22069|BROWN  PIRATE TREASURE CHEST |65800
90175D|TIGRIS EYE CHUNKY CHARM BRACELET|183000
85135B|Found|0
22308|TEA COSY BLUE STRIPE|99200
22965|3 TRADITIONAl BISCUIT CUTTERS  SET|42000
22042|CHRISTMAS CARD SINGING ANGEL|8400
21275|ZINC TOP  2 DOOR WOODEN SHELF |665800
90013C|GREEN VINTAGE EARRINGS |83000
90123A|PINK HEART OF GLASS BRACELET|119000
23315|IVORY REFECTORY CLOCK|199000
22889|NUMBER TILE VINTAGE FONT No |42000
22078|RIBBON REEL LACE DESIGN |84200
84880|WHITE WIRE EGG HOLDER|237400
21741|COSY SLIPPER SHOES LARGE GREEN|59000
22497|SET OF 2 TINS VINTAGE BATHROOM |169400
21873|IF YOU CAN'T STAND THE HEAT MUG|25000
47422|ASSORTED MONKEY SUCTION CUP HOOK|8400
85173|SET/6 FROG PRINCE T-LIGHT CANDLES|51000
21743|STAR PORTABLE TABLE LIGHT |59000
44089A|PINK GAUZE BUTTERFLY LAMPSHADE|8400
22256|FELT FARM ANIMAL CHICKEN|25000
23487|SWEET HEART CAKE CARRIER|199000
23528|WALL ART SPACEBOY|75000
90024F|NEW BAROQUE B'FLY NECKLACE CRYSTAL|169800
20686|DOLLY MIXTURE CHILDREN'S UMBRELLA|65000
22101|MIRROR MOSAIC VOTIVE HOLDER|42000
84637|KITCHEN FLOWER POTS WALL PLAQUE|99200
23115|RED APPLES CHOPPING BOARD   |99000
84581|DOG TOY WITH PINK CROCHET SKIRT|75000
21441|BLUE BIRDHOUSE DECORATION|17000
85197|SET OF 12 MINI BUNNIES IN A BUCKET|42000
21461|BLUE EASTER EGG HUNT START POST|39000
23452|HEART MINI PORTRAIT FRAME|39000
21530|DAIRY MAID TOASTRACK|65800
20902|VINTAGE KEEPSAKE BOX PARIS DAYS|254400
23309|SET OF 60 I LOVE LONDON CAKE CASES |25000
22615|PACK OF 12 CIRCUS PARADE TISSUES |16600
21126|SET OF 6 GIRLS CELEBRATION CANDLES|49200
35912B|WHITE/PINK CHICK DECORATION|115800
15058C|ICE CREAM DESIGN GARDEN PARASOL|79000
21264|WHITE GOOSE FEATHER TREE 60CM |39000
17012E|ORIGAMI OPIUM INCENSE/CANDLE SET |50200
23324|RUSTIC STRAWBERRY JAMPOT LARGE |37000
90010A|MIDNIGHT BLUE GLASS/SILVER BRACELET|179000
22705|WRAP GREEN PEARS |8400
22102|MIRROR MOSAIC T-LIGHT HOLDER |33000
85035A|GARDENIA 3 WICK MORRIS BOXED CANDLE|25000
23597|PAPER BUNTING PAISLEY PARK|59000
20840|FRENCH FLORAL CUSHION COVER |65800
85135C|RED DRAGONFLY HELICOPTER|159000
21191|LARGE WHITE HONEYCOMB PAPER BELL  |82600
22483|RED GINGHAM TEDDY BEAR |59000
23152|IVORY SWEETHEART WIRE LETTER RACK |75000
21736|GOLD SCROLL GLASS T-LIGHT HOLDER|42000
22070|SMALL RED RETROSPOT MUG IN BOX |20000
84631|FRUIT TREE AND BIRDS WALL PLAQUE|315800
35965|FOLKART HEART NAPKIN RINGS|65800
90178A|AMBER CHUNKY GLASS+BEAD NECKLACE|233000
35957|SMALLFOLKART BAUBLE CHRISTMAS DEC|33200
84806B|WHITE CANDYSTUFT ARTIFICIAL FLOWER|29000
21428|SET3 BOOK BOX GREEN GINGHAM FLOWER |85000
35400||0
22233|JIGSAW RABBIT AND BIRDHOUSE|11800
85086A|CANDY SPOT HEART DECORATION|16600
21374|MIRRORED WALL ART SKULLS|25000
21576|LETS GO SHOPPING COTTON TOTE BAG|32600
22532|MAGIC DRAWING SLATE LEAP FROG |8400
37444A|YELLOW BREAKFAST CUP AND SAUCER|118200
20997|ROSE DU SUD CUSHION COVER |82600
72131|COLUMBIAN CANDLE RECTANGLE|39000
90205A|LARGE MINT DIAMANTE HAIRSLIDE|33800
22827|RUSTIC  SEVENTEEN DRAWER SIDEBOARD|3300000
37482P|CUBIC MUG PINK POLKADOT|7800
22936|BAKING MOULD ROSE WHITE CHOCOLATE|132600
21326|AGED GLASS SILVER T-LIGHT HOLDER|13000
90125B|AQUA BERTIE GLASS BEAD BAG CHARM|84200
84763|ZINC FINISH 15CM PLANTER POTS|25000
47481|50CM METAL STRING WITH  7 CLIPS|41600
20699|MOUSEY LONG LEGS SOFT TOY|50200
90160A|PURPLE BOUDICCA LARGE BRACELET|139000
84598|BOYS ALPHABET IRON ON PATCHES|8400
21688|SILVER PLATE CANDLE BOWL SMALL|59000
23314|VINTAGE CHRISTMAS TABLECLOTH|250000
37449|CERAMIC CAKE STAND + HANGING CAKES|199000
23119|PACK OF 6 LARGE FRUIT STRAWS |12400
23442|12 HANGING EGGS HAND PAINTED|41600
22051|BLUE SCANDINAVIAN PAISLEY WRAP|8400
84509C|SET OF 4 POLKADOT PLACEMATS |65800
23527|WALL ART ANIMALS AND NATURE |75000
37444C|PINK BREAKFAST CUP AND SAUCER |59000
23282|FOLDING BUTTERFLY MIRROR IVORY |16600
22641|SET OF 4 NAPKIN CHARMS INSTRUMENT|51000
21359|RELAX LARGE WOOD LETTERS|319000
22642|SET OF 4 NAPKIN CHARMS STARS   |99200
85130B|BEADED CRYSTAL HEART GREEN LARGE|65800
90163A|PINK ROSEBUD & PEARL NECKLACE|152800
22513|DOORSTOP FOOTBALL DESIGN|75000
22336|DOVE DECORATION PAINTED ZINC |13000
37479B|CUBIC MUG FLOCK BLUE ON BROWN|7800
22887|NUMBER TILE VINTAGE FONT 8|39000
22236|CAKE STAND 3 TIER MAGIC GARDEN|255000
23009|I LOVE LONDON BABY GIFT SET|215800
23533|WALL ART GARDEN HAVEN |119000
22198|LARGE POPCORN HOLDER |33000
22882|NUMBER TILE VINTAGE FONT 3|82600
23218|LAUREL STAR ANTIQUE GOLD|25000
22881|NUMBER TILE VINTAGE FONT 2|82600
22498|WOODEN REGATTA BUNTING|119000
85146|JARDIN ETCHED GLASS SMALL BELL JAR|39000
23695|DOILY THANK YOU CARD|16600
90072|RUBY DROP CHANDELIER EARRINGS|83000
22167| OVAL WALL MIRROR DIAMANTE |199000
90057|DIAMANTE RING ASSORTED IN BOX.|67800
90011A|MIDNIGHT BLUE CRYSTAL DROP EARRINGS|58000
21679|SKULLS  STICKERS|17000
84997A|CHILDRENS CUTLERY POLKADOT GREEN |83000
84563A|PINK & WHITE BREAKFAST TRAY|119000
23521|CAT AND BIRD WALL ART|22400
20700|GREEN CAT FLORAL CUSHION COVER |82600
23558|LANDMARK FRAME LONDON BRIDGE |250000
22259|FELT FARM ANIMAL HEN|25000
23179|CLOCK MAGNET MUM'S KITCHEN|57800
21817|GLITTER CHRISTMAS TREE|7800
79190D|RETRO PLASTIC DAISY TRAY|8400
20657|TROPICAL LUGGAGE TAG|25000
84926D|LA PALMIERA TILE COASTER|5800
21365|MIRRORED WALL ART STARS|15000
22528||0
85170D|SET/6 PINK BIRD T-LIGHT CANDLES|50200
22623|BOX OF VINTAGE JIGSAW BLOCKS |119000
22639|SET OF 4 NAPKIN CHARMS HEARTS|99200
16016|LARGE CHINESE STYLE SCISSOR|17000
23181|BULL DOG BOTTLE TOP WALL CLOCK|165000
16168M|FUNKY MONKEY GIFT BAG MEDIUM|16600
21222|SET/4 BADGES BEETLES|25000
82616B|FRAPPUCINO SCARF KNITTING KIT|49200
16218|CARTOON  PENCIL SHARPENERS|1200
23267|SET OF 4 SANTA PLACE SETTINGS|25000
22842|BISCUIT TIN VINTAGE RED|135000
71143|SILVER BOOK MARK WITH BEADS|17000
21366|MIRRORED WALL ART PHOTO FRAMES|165800
85132B|CHARLIE AND LOLA TABLE TINS|39000
23015|CORDIAL GLASS JUG|165000
23400|SHELF WITH 4 HOOKS HOME SWEET HOME|125000
85036A|GARDENIA 1 WICK MORRIS BOXED CANDLE|165800
23137|ZINC WIRE SWEETHEART LETTER TRAY|75000
22706|WRAP COWBOYS  |8400
78033|FLAG OF ST GEORGE CHAIR|85000
22221|CAKE STAND LOVEBIRD 2 TIER PINK|199000
20782|CAMOUFLAGE EAR MUFF HEADPHONES|109800
23438| RED SPOT GIFT BAG LARGE|25000
21911|GARDEN METAL SIGN |33000
21689|SILVER VANILLA  FLOWER CANDLE POT|75000
21896|POTTING SHED TWINE|84200
21291|SMALL POLKADOT CHOCOLATE GIFT BAG |17000
35967|FOLK ART METAL STAR T-LIGHT HOLDER|16600
23410|CURIO CABINET LINEN AND LACE |163000
21147|JINGLE BELLS TREE DECORATION|50200
22786|CUSHION COVER PINK UNION JACK|119000
23359|SET OF 12 T-LIGHTS VINTAGE DOILY|39000
47503H|ASS FLORAL PRINT SPIRIT LEVEL |15800
23460|SWEETHEART WALL TIDY |199000
21716|BOYS VINTAGE TIN SEASIDE BUCKET|51000
21070|VINTAGE BILLBOARD MUG |25000
21495|SKULLS AND CROSSBONES WRAP|8400
85129D|BEADED CRYSTAL HEART PINK SMALL|25000
21710|FOLDING UMBRELLA PINKWHITE POLKADOT|203400
84629|WHITE 3 FRAME BIRDS AND TREE |99000
85130D|BEADED CRYSTAL HEART PINK LARGE|33000
16202E|BLACK PHOTO ALBUM |10000
22162||0
46000U|check|0
20803|SMALL PINK GLASS SUNDAE DISH|8400
84625A|PINK NEW BAROQUECANDLESTICK CANDLE|118200
79191C|RETRO PLASTIC ELEPHANT TRAY|17000
22563|HAPPY STENCIL CRAFT|25000
22967|SET 3 SONG BIRD PAPER EGGS ASSORTED|59000
47599B|BLUE PARTY BAGS |42000
22317|FIVE CATS HANGING DECORATION|59000
84877B|GREEN ROUND COMPACT MIRROR|25000
23080|RED METAL BOX TOP SECRET|165000
23069|EDWARDIAN PHOTO FRAME|125000
90162D|ANT SILVER PURPLE BOUDICCA RING|59000
21377|SMALL CAMPHOR WOOD FIELD  MUSHROOM|65800
20669|RED HEART LUGGAGE TAG|16600
72803A|ROSE SCENT CANDLE JEWELLED DRAWER|10000
37467|PIG MUG IN TWO COLOUR DESIGNS|84200
35914|PINK CHICK EGG WARMER + EGG CUP|17000
21422|PORCELAIN ROSE SMALL|17000
21945|STRAWBERRIES  DESIGN FLANNEL |32600
21373|MIRRORED WALL ART SNOWFLAKES|15000
20681|PINK POLKADOT CHILDRENS UMBRELLA|65000
22947|WOODEN ADVENT CALENDAR RED|339000
23435|3 RAFFIA RIBBONS VINTAGE CHRISTMAS|15800
21535|RED RETROSPOT SMALL MILK JUG|51000
22450|SILK PURSE BABUSHKA BLUE|67000
22778|GLASS CLOCHE SMALL|67800
22050|PINK PAISLEY ROSE GIFT WRAP|8400
20796|SMALL BLUE PROVENCAL CERAMIC BALL|33000
23120|PACK OF 6 SMALL FRUIT STRAWS|8400
90179A|AMBER FINE BEAD NECKLACE W TASSEL|116400
35598A||0
22503|CABIN BAG VINTAGE PAISLEY|599000
84510a|SET OF 4 ENGLISH ROSE COASTERS|49200
22254|FELT TOADSTOOL LARGE|25000
85094|CANDY SPOT EGG WARMER RABBIT|16600
85032D|YULETIDE IMAGES GIFT WRAP SET|13000
23531|WALL ART BIG LOVE |139000
20998|ROSE DU SUD OVEN GLOVE|32600
22905|CALENDAR IN SEASON DESIGN|59000
21882|SKULLS TAPE|13000
22583|PACK OF 6 HANDBAG GIFT BOXES|99200
84919|BLUE CUSHION COVER WITH FLOWER|115800
20893|HANGING BAUBLE T-LIGHT HOLDER SMALL|51000
90175A|WHITE GLASS CHUNKY CHARM BRACELET|183000
23020|GLASS  SONGBIRD STORAGE JAR|250000
21285|RETROSPOT CANDLE  MEDIUM|7800
47585A|PINK FAIRY CAKE CUSHION COVER|199200
84658|WHITE STITCHED CUSHION COVER|165800
90133|TEAL/FUSCHIA COL BEAD NECKLACE|99600
23524|WALL ART HORSE & PONY |75000
85035B|CHOCOLATE 3 WICK MORRIS BOX CANDLE|65800
16216|LETTER SHAPE PENCIL SHARPENER|1200
21131|GOLD STANDING GNOME|85000
85200|BUNNY EGG BOX|25000
23513|EMBROIDERED RIBBON REEL SUSIE |41600
22117|METAL SIGN HER DINNER IS SERVED |33200
90129F|RED GLASS TASSLE BAG CHARM|33200
22517|CHILDS GARDEN RAKE PINK|42000
90167|BEADED LOVE HEART JEWELLERY SET|17000
21825||0
35915C|PEACH KNITTED HEN |33000
21014|SWISS CHALET TREE DECORATION |5800
21111|SWISS ROLL TOWEL, CHOCOLATE  SPOTS|59000
21793|CLASSIC FRENCH STYLE BASKET BROWN|79000
47559b|TEA TIME OVEN GLOVE|67200
23473|WOODLAND SMALL RED FELT HEART|16600
22033|BOTANICAL ROSE GREETING CARD|8400
46776D|WOVEN SUNSET CUSHION COVER |82600
90177D|DROP DIAMANTE EARRINGS PURPLE|59000
21371|MIRRORED WALL ART POPPIES|99200
90000B|MIDNIGHT BLUE COPPER FLOWER NECKLAC|124600
20821|GOLDIE LOOKING MIRROR|99000
90003B|ROSE COLOUR PAIR HEART HAIR SLIDES|76200
22409|MONEY BOX BISCUITS DESIGN|25000
22454|MEASURING TAPE BABUSHKA RED|59000
15030|FAN BLACK FRAME |5800
51020A|SUMMER FUN DESIGN SHOWER CAP|25000
84674|FLYING PIG WATERING CAN|59000
23388|WOODLAND MINI BACKPACK|83000
37501|TEA TIME TEA SET IN GIFT BOX|115800
85186C|BUNNY EGG GARLAND|16600
37487B|Damaged|0
22132|RED LOVE HEART SHAPE CUP|17000
21143|ANTIQUE GLASS HEART DECORATION |39000
72709|IVORY SCULPTED RND CANDLE |17000
21327|SKULLS WRITING SET |49200
84507C|BLUE CIRCLES DESIGN MONKEY DOLL|51000
23454|THREE MINI HANGING FRAMES|83000
22757|LARGE RED BABUSHKA NOTEBOOK |25000
DCGS0076|SUNJAR LED NIGHT NIGHT LIGHT|322600
21594||0
22047|EMPIRE GIFT WRAP|8400
23123|COCKTAIL SWORDS 50 PIECES|16600
21613|S/12 VANILLA  BOTANICAL T-LIGHTS|59000
21788|KIDS RAIN MAC BLUE|17000
82613D|METAL SIGN CUPCAKE SINGLE HOOK|16600
21197|MULTICOLOUR  CONFETTI IN TUBE|65800
23462|ROCOCO WALL MIRROR WHITE|399000
47518F|ICON PLACEMAT POP ART ELVIS|2400
22912|YELLOW COAT RACK PARIS FASHION|99000
20935|ROUND CACTUS CANDLE|59000
37333||0
23480|MINI LIGHTS WOODLAND MUSHROOMS|149200
21820|GLITTER HEART GARLAND WITH BELLS |67800
22106|MIRROR MOSAIC HURRICANE LAMP |135000
21333|CLASSIC WHITE FRAME|59000
20869|GOLD FABRIC MIRROR|7800
21986|PACK OF 12 PINK POLKADOT TISSUES|5800
84968F|SET OF 16 VINTAGE SKY BLUE CUTLERY|255000
22510|GINGHAM BABUSHKA DOORSTOP|75000
47591B|SCOTTIES CHILDRENS APRON|33200
