15572,DKI Jakarta
12461,Jawa Timur
12590,Jawa Barat
16839,DKI Jakarta
13596,DKI Jakarta
12395,Luar Jawa
15555,DKI Jakarta
16940,DKI Jakarta
14719,DKI Jakarta
15436,DKI Jakarta
15189,DKI Jakarta
13232,DKI Jakarta
13589,DKI Jakarta
13248,DKI Jakarta
18074,DKI Jakarta
12748,DKI Jakarta
17590,DKI Jakarta
17019,DKI Jakarta
14842,DKI Jakarta
14572,DKI Jakarta
12795,Luar Jawa
16818,DKI Jakarta
17213,DKI Jakarta
14871,DKI Jakarta
14732,DKI Jakarta
13174,DKI Jakarta
14577,DKI Jakarta
15901,DKI Jakarta
13700,DKI Jakarta
12524,Jawa Barat
13831,DKI Jakarta
14178,DKI Jakarta
16919,DKI Jakarta
12743,Luar Jawa
15307,DKI Jakarta
14096,DKI Jakarta
14395,DKI Jakarta
14823,DKI Jakarta
13488,DKI Jakarta
14071,DKI Jakarta
12451,Jawa Timur
12407,Luar Jawa
14796,DKI Jakarta
17722,DKI Jakarta
17735,DKI Jakarta
17865,DKI Jakarta
15039,DKI Jakarta
14619,DKI Jakarta
17827,DKI Jakarta
17736,DKI Jakarta
14709,DKI Jakarta
15854,DKI Jakarta
12921,DKI Jakarta
17841,DKI Jakarta
16241,DKI Jakarta
15942,DKI Jakarta
18055,DKI Jakarta
13081,DKI Jakarta
12381,Luar Jawa
12494,DI Yogyakarta
15132,DKI Jakarta
16684,DKI Jakarta
13018,DKI Jakarta
12520,Jawa Barat
12688,Luar Jawa
12822,DKI Jakarta
14332,DKI Jakarta
17888,DKI Jakarta
14342,DKI Jakarta
13004,DKI Jakarta
13090,DKI Jakarta
13694,DKI Jakarta
14112,DKI Jakarta
17054,DKI Jakarta
14156,Banten
17652,DKI Jakarta
13985,DKI Jakarta
16776,DKI Jakarta
17707,DKI Jakarta
13426,DKI Jakarta
13662,DKI Jakarta
16729,DKI Jakarta
15351,DKI Jakarta
13895,DKI Jakarta
14527,DKI Jakarta
14606,DKI Jakarta
12352,Luar Jawa
15687,DKI Jakarta
15299,DKI Jakarta
15044,DKI Jakarta
14756,DKI Jakarta
12865,Luar Jawa
16952,DKI Jakarta
16717,DKI Jakarta
18229,DKI Jakarta
17198,DKI Jakarta
17071,DKI Jakarta
16771,DKI Jakarta
17231,DKI Jakarta
16841,DKI Jakarta
13126,DKI Jakarta
13265,DKI Jakarta
12359,Luar Jawa
12626,Jawa Barat
17510,DKI Jakarta
14911,Banten
16910,DKI Jakarta
16657,DKI Jakarta
14415,DKI Jakarta
15123,DKI Jakarta
14667,DKI Jakarta
17238,DKI Jakarta
16085,DKI Jakarta
17312,DKI Jakarta
14769,DKI Jakarta
16813,DKI Jakarta
12890,DKI Jakarta
13120,DKI Jakarta
14049,DKI Jakarta
14298,DKI Jakarta
17567,DKI Jakarta
15493,DKI Jakarta
17295,DKI Jakarta
17920,DKI Jakarta
14646,Luar Jawa
13115,DKI Jakarta
17802,DKI Jakarta
14056,DKI Jakarta
17233,DKI Jakarta
14107,DKI Jakarta
16875,DKI Jakarta
16115,DKI Jakarta
17442,DKI Jakarta
14995,DKI Jakarta
12783,Luar Jawa
15149,DKI Jakarta
17255,DKI Jakarta
16712,DKI Jakarta
17757,DKI Jakarta
17961,DKI Jakarta
16367,DKI Jakarta
13764,DKI Jakarta
14367,DKI Jakarta
12936,DKI Jakarta
14524,DKI Jakarta
13246,DKI Jakarta
14291,DKI Jakarta
15721,DKI Jakarta
15786,DKI Jakarta
16931,DKI Jakarta
13456,DKI Jakarta
16007,DKI Jakarta
12598,DI Yogyakarta
16370,DKI Jakarta
16759,DKI Jakarta
13319,DKI Jakarta
13668,DKI Jakarta
16984,DKI Jakarta
14961,DKI Jakarta
17571,DKI Jakarta
14189,DKI Jakarta
15708,DKI Jakarta
16245,DKI Jakarta
12534,Jawa Barat
17180,DKI Jakarta
13975,DKI Jakarta
15889,DKI Jakarta
13812,Jawa Barat
15500,DKI Jakarta
14031,DKI Jakarta
15193,DKI Jakarta
17211,DKI Jakarta
16045,DKI Jakarta
15005,DKI Jakarta
16788,DKI Jakarta
15058,DKI Jakarta
15218,DKI Jakarta
16932,DKI Jakarta
14105,DKI Jakarta
17346,DKI Jakarta
17042,DKI Jakarta
18102,DKI Jakarta
15443,DKI Jakarta
15727,DKI Jakarta
15544,DKI Jakarta
13882,DKI Jakarta
16222,DKI Jakarta
16359,DKI Jakarta
15737,DKI Jakarta
12957,DKI Jakarta
17673,DKI Jakarta
17041,DKI Jakarta
17107,DKI Jakarta
17838,DKI Jakarta
15416,DKI Jakarta
15051,DKI Jakarta
16992,DKI Jakarta
15358,DKI Jakarta
16924,DKI Jakarta
17581,DKI Jakarta
16779,DKI Jakarta
17759,DKI Jakarta
16735,DKI Jakarta
14680,DKI Jakarta
12749,DKI Jakarta
13141,DKI Jakarta
13601,DKI Jakarta
17584,DKI Jakarta
14307,DKI Jakarta
13451,DKI Jakarta
16076,DKI Jakarta
15513,DKI Jakarta
17252,DKI Jakarta
16666,DKI Jakarta
15838,DKI Jakarta
15906,DKI Jakarta
12398,Jawa Timur
14730,DKI Jakarta
12437,DI Yogyakarta
17338,DKI Jakarta
13969,DKI Jakarta
15460,DKI Jakarta
12731,DI Yogyakarta
14194,DKI Jakarta
14449,DKI Jakarta
14382,DKI Jakarta
14060,DKI Jakarta
13850,DKI Jakarta
14628,DKI Jakarta
15867,DKI Jakarta
15804,DKI Jakarta
18110,DKI Jakarta
14562,DKI Jakarta
15031,DKI Jakarta
16063,DKI Jakarta
13835,DKI Jakarta
13263,DKI Jakarta
15985,DKI Jakarta
15829,DKI Jakarta
15382,DKI Jakarta
12481,Jawa Barat
16274,DKI Jakarta
15033,DKI Jakarta
14081,DKI Jakarta
16188,DKI Jakarta
17634,DKI Jakarta
18118,DKI Jakarta
13089,DKI Jakarta
13209,DKI Jakarta
17611,DKI Jakarta
16887,DKI Jakarta
12517,Jawa Barat
15421,DKI Jakarta
13381,DKI Jakarta
15977,DKI Jakarta
16029,DKI Jakarta
12484,Jawa Tengah
17765,DKI Jakarta
17068,DKI Jakarta
15521,DKI Jakarta
15140,DKI Jakarta
14725,DKI Jakarta
17964,DKI Jakarta
18223,DKI Jakarta
13280,DKI Jakarta
15467,DKI Jakarta
16218,DKI Jakarta
17675,DKI Jakarta
17589,DKI Jakarta
16474,DKI Jakarta
15547,DKI Jakarta
15379,DKI Jakarta
16332,DKI Jakarta
17734,DKI Jakarta
14623,DKI Jakarta
12415,Luar Jawa
12916,DKI Jakarta
15484,DKI Jakarta
12490,DI Yogyakarta
12633,Jawa Barat
14067,DKI Jakarta
12358,Luar Jawa
14702,DKI Jakarta
17522,DKI Jakarta
12448,Jawa Tengah
17405,DKI Jakarta
15799,DKI Jakarta
13680,DKI Jakarta
14016,Banten
16360,DKI Jakarta
15081,DKI Jakarta
14971,DKI Jakarta
17383,DKI Jakarta
16980,DKI Jakarta
16033,DKI Jakarta
17625,DKI Jakarta
16628,DKI Jakarta
12904,DKI Jakarta
16042,DKI Jakarta
12762,Luar Jawa
12951,DKI Jakarta
12562,DI Yogyakarta
18283,DKI Jakarta
18191,DKI Jakarta
12955,DKI Jakarta
14360,DKI Jakarta
17069,DKI Jakarta
14092,DKI Jakarta
16456,DKI Jakarta
17585,DKI Jakarta
14503,DKI Jakarta
13021,DKI Jakarta
17188,DKI Jakarta
12518,Jawa Barat
13588,DKI Jakarta
17059,DKI Jakarta
12668,Jawa Barat
15438,DKI Jakarta
14552,DKI Jakarta
16206,DKI Jakarta
16804,DKI Jakarta
18272,DKI Jakarta
16656,DKI Jakarta
16133,DKI Jakarta
14297,DKI Jakarta
16322,DKI Jakarta
16398,DKI Jakarta
13165,DKI Jakarta
15128,DKI Jakarta
12465,Luar Jawa
15023,DKI Jakarta
12583,DI Yogyakarta
13610,DKI Jakarta
12853,DKI Jakarta
18202,DKI Jakarta
14387,DKI Jakarta
13854,DKI Jakarta
13527,DKI Jakarta
17949,DKI Jakarta
17663,DKI Jakarta
17191,DKI Jakarta
16790,DKI Jakarta
12971,DKI Jakarta
12772,Luar Jawa
16003,DKI Jakarta
16528,DKI Jakarta
13458,DKI Jakarta
15805,DKI Jakarta
16633,DKI Jakarta
15658,DKI Jakarta
14748,DKI Jakarta
17082,DKI Jakarta
13654,DKI Jakarta
15485,DKI Jakarta
14250,DKI Jakarta
14565,DKI Jakarta
15172,DKI Jakarta
15932,DKI Jakarta
12989,DKI Jakarta
17799,DKI Jakarta
12621,Jawa Barat
18245,DKI Jakarta
16255,DKI Jakarta
15192,DKI Jakarta
14499,DKI Jakarta
16892,DKI Jakarta
15518,DKI Jakarta
15601,DKI Jakarta
15719,DKI Jakarta
16899,DKI Jakarta
16000,DKI Jakarta
14898,DKI Jakarta
14673,DKI Jakarta
17609,DKI Jakarta
14525,DKI Jakarta
14649,DKI Jakarta
14085,DKI Jakarta
17472,DKI Jakarta
13617,DKI Jakarta
16208,DKI Jakarta
12720,Jawa Barat
17750,DKI Jakarta
12540,Jawa Tengah
13149,DKI Jakarta
16560,DKI Jakarta
12913,DKI Jakarta
16746,DKI Jakarta
17530,DKI Jakarta
13940,DKI Jakarta
13136,DKI Jakarta
16369,DKI Jakarta
13148,DKI Jakarta
17881,DKI Jakarta
16240,DKI Jakarta
16877,DKI Jakarta
17164,DKI Jakarta
15630,DKI Jakarta
16207,DKI Jakarta
15179,DKI Jakarta
12474,Jawa Barat
12383,Luar Jawa
14408,DKI Jakarta
12715,Luar Jawa
13048,DKI Jakarta
12653,Luar Jawa
16401,DKI Jakarta
15427,DKI Jakarta
12931,DKI Jakarta
16526,DKI Jakarta
16065,DKI Jakarta
16923,DKI Jakarta
15852,DKI Jakarta
13756,DKI Jakarta
16669,DKI Jakarta
12597,Jawa Tengah
17254,DKI Jakarta
17301,DKI Jakarta
15021,DKI Jakarta
15640,DKI Jakarta
17337,DKI Jakarta
12417,Luar Jawa
18147,DKI Jakarta
16930,DKI Jakarta
17091,DKI Jakarta
12620,DI Yogyakarta
14549,DKI Jakarta
18069,DKI Jakarta
12948,DKI Jakarta
14547,DKI Jakarta
17365,DKI Jakarta
15696,DKI Jakarta
14713,DKI Jakarta
17081,DKI Jakarta
14110,DKI Jakarta
12709,Jawa Barat
12849,DKI Jakarta
17509,DKI Jakarta
15326,DKI Jakarta
12836,DKI Jakarta
14422,DKI Jakarta
15998,DKI Jakarta
12689,DI Yogyakarta
16549,DKI Jakarta
15093,DKI Jakarta
16558,DKI Jakarta
14711,DKI Jakarta
17511,DKI Jakarta
13505,Jawa Timur
15061,DKI Jakarta
12637,DI Yogyakarta
16601,DKI Jakarta
13118,DKI Jakarta
18005,DKI Jakarta
13658,DKI Jakarta
16814,DKI Jakarta
18079,DKI Jakarta
13644,DKI Jakarta
18150,DKI Jakarta
16904,DKI Jakarta
12456,Jawa Timur
13804,DKI Jakarta
13881,DKI Jakarta
14341,DKI Jakarta
17728,DKI Jakarta
15000,DKI Jakarta
16102,DKI Jakarta
13230,DKI Jakarta
17491,DKI Jakarta
15532,DKI Jakarta
15529,DKI Jakarta
13211,DKI Jakarta
15988,DKI Jakarta
15290,DKI Jakarta
16555,DKI Jakarta
16907,DKI Jakarta
16434,DKI Jakarta
17220,DKI Jakarta
13949,DKI Jakarta
16983,DKI Jakarta
16670,DKI Jakarta
16455,DKI Jakarta
15706,DKI Jakarta
13509,DKI Jakarta
12757,Luar Jawa
16726,DKI Jakarta
17768,DKI Jakarta
16863,DKI Jakarta
16170,DKI Jakarta
13183,DKI Jakarta
17512,DKI Jakarta
14446,DKI Jakarta
13117,DKI Jakarta
13901,DKI Jakarta
13571,DKI Jakarta
14426,DKI Jakarta
16842,DKI Jakarta
15752,DKI Jakarta
14688,DKI Jakarta
17040,DKI Jakarta
16161,DKI Jakarta
13934,DKI Jakarta
12431,Luar Jawa
16523,DKI Jakarta
16265,DKI Jakarta
12886,DKI Jakarta
14257,DKI Jakarta
16225,DKI Jakarta
15570,DKI Jakarta
17449,DKI Jakarta
13317,DKI Jakarta
12539,Jawa Tengah
15782,DKI Jakarta
15047,DKI Jakarta
16626,DKI Jakarta
12840,DKI Jakarta
12935,DKI Jakarta
14849,DKI Jakarta
17451,DKI Jakarta
17092,DKI Jakarta
16187,DKI Jakarta
13196,DKI Jakarta
16928,DKI Jakarta
16011,DKI Jakarta
14639,DKI Jakarta
18077,DKI Jakarta
17602,DKI Jakarta
14936,Luar Jawa
13365,DKI Jakarta
14432,DKI Jakarta
17284,DKI Jakarta
15048,DKI Jakarta
13098,DKI Jakarta
13988,DKI Jakarta
17159,DKI Jakarta
16700,DKI Jakarta
15511,DKI Jakarta
18168,DKI Jakarta
17114,DKI Jakarta
13366,DKI Jakarta
12380,Luar Jawa
15563,DKI Jakarta
18212,DKI Jakarta
16755,DKI Jakarta
14462,DKI Jakarta
14913,DKI Jakarta
17272,DKI Jakarta
16327,DKI Jakarta
14776,DKI Jakarta
15947,DKI Jakarta
17480,DKI Jakarta
12480,Jawa Barat
17412,DKI Jakarta
15808,DKI Jakarta
15104,DKI Jakarta
17416,DKI Jakarta
16150,DKI Jakarta
16953,DKI Jakarta
18265,DKI Jakarta
17725,DKI Jakarta
16572,DKI Jakarta
16080,DKI Jakarta
13798,DKI Jakarta
17613,DKI Jakarta
12733,Luar Jawa
14180,DKI Jakarta
18082,DKI Jakarta
13069,DKI Jakarta
12532,DI Yogyakarta
14389,DKI Jakarta
15877,DKI Jakarta
17229,DKI Jakarta
17340,DKI Jakarta
12471,Jawa Barat
13828,DKI Jakarta
14573,DKI Jakarta
14482,DKI Jakarta
17921,DKI Jakarta
15078,DKI Jakarta
14239,DKI Jakarta
13591,DKI Jakarta
16298,DKI Jakarta
17419,DKI Jakarta
17047,DKI Jakarta
13259,DKI Jakarta
14698,DKI Jakarta
14487,DKI Jakarta
13355,DKI Jakarta
13373,DKI Jakarta
13492,Jawa Timur
14862,DKI Jakarta
15628,DKI Jakarta
12753,Luar Jawa
16325,DKI Jakarta
14034,DKI Jakarta
18236,DKI Jakarta
14691,DKI Jakarta
12843,DKI Jakarta
16393,DKI Jakarta
13292,DKI Jakarta
16261,DKI Jakarta
15356,DKI Jakarta
13813,Jawa Barat
17389,DKI Jakarta
18145,DKI Jakarta
17591,DKI Jakarta
14880,DKI Jakarta
16415,DKI Jakarta
14800,DKI Jakarta
14456,DKI Jakarta
13139,DKI Jakarta
14334,DKI Jakarta
16326,DKI Jakarta
16013,DKI Jakarta
16014,DKI Jakarta
17667,DKI Jakarta
14135,DKI Jakarta
17218,DKI Jakarta
16340,DKI Jakarta
13137,DKI Jakarta
17682,DKI Jakarta
17790,DKI Jakarta
17878,DKI Jakarta
16603,DKI Jakarta
17341,DKI Jakarta
15821,DKI Jakarta
17015,DKI Jakarta
17406,DKI Jakarta
15974,DKI Jakarta
18280,DKI Jakarta
12784,Luar Jawa
17438,DKI Jakarta
14237,DKI Jakarta
17777,DKI Jakarta
16372,DKI Jakarta
13599,DKI Jakarta
17811,DKI Jakarta
17560,DKI Jakarta
14868,DKI Jakarta
13636,DKI Jakarta
15453,DKI Jakarta
13630,DKI Jakarta
14535,DKI Jakarta
13544,DKI Jakarta
14546,DKI Jakarta
15311,DKI Jakarta
15125,DKI Jakarta
18122,DKI Jakarta
17190,DKI Jakarta
16809,DKI Jakarta
15498,DKI Jakarta
15826,DKI Jakarta
13430,DKI Jakarta
13320,DKI Jakarta
18065,DKI Jakarta
14502,DKI Jakarta
12744,Luar Jawa
12726,DI Yogyakarta
13767,DKI Jakarta
18189,DKI Jakarta
13558,DKI Jakarta
13848,DKI Jakarta
14262,DKI Jakarta
17528,DKI Jakarta
15993,DKI Jakarta
16728,DKI Jakarta
16719,DKI Jakarta
13900,DKI Jakarta
13050,DKI Jakarta
17809,DKI Jakarta
14504,DKI Jakarta
17597,DKI Jakarta
17813,DKI Jakarta
13001,DKI Jakarta
12378,Jawa Timur
13725,DKI Jakarta
14684,DKI Jakarta
15700,DKI Jakarta
12370,Luar Jawa
16710,DKI Jakarta
13925,DKI Jakarta
12719,DI Yogyakarta
15046,DKI Jakarta
13431,DKI Jakarta
14903,DKI Jakarta
15866,DKI Jakarta
15251,DKI Jakarta
16609,DKI Jakarta
18032,DKI Jakarta
12567,DI Yogyakarta
17601,DKI Jakarta
14930,Luar Jawa
18204,DKI Jakarta
14234,DKI Jakarta
17976,DKI Jakarta
12681,DI Yogyakarta
14023,DKI Jakarta
14493,DKI Jakarta
18125,DKI Jakarta
12867,DKI Jakarta
17475,DKI Jakarta
12393,Luar Jawa
14491,DKI Jakarta
17251,DKI Jakarta
15701,DKI Jakarta
15695,DKI Jakarta
17912,DKI Jakarta
15615,DKI Jakarta
12856,DKI Jakarta
16638,DKI Jakarta
13704,DKI Jakarta
14740,DKI Jakarta
15297,DKI Jakarta
15552,DKI Jakarta
16123,DKI Jakarta
14159,DKI Jakarta
15791,DKI Jakarta
15861,DKI Jakarta
14607,DKI Jakarta
14461,DKI Jakarta
13532,DKI Jakarta
15857,DKI Jakarta
15922,DKI Jakarta
17456,DKI Jakarta
15237,DKI Jakarta
13792,DKI Jakarta
13548,DKI Jakarta
14530,DKI Jakarta
14414,DKI Jakarta
17324,DKI Jakarta
14459,DKI Jakarta
16303,DKI Jakarta
12628,Jawa Barat
16945,DKI Jakarta
14704,DKI Jakarta
17898,DKI Jakarta
16419,DKI Jakarta
12841,DKI Jakarta
17315,DKI Jakarta
12477,Jawa Barat
16743,DKI Jakarta
14032,DKI Jakarta
13871,DKI Jakarta
16714,DKI Jakarta
13015,DKI Jakarta
12952,DKI Jakarta
14643,DKI Jakarta
14452,DKI Jakarta
18242,DKI Jakarta
16871,DKI Jakarta
12700,DI Yogyakarta
16412,DKI Jakarta
13951,DKI Jakarta
12713,Jawa Barat
17932,DKI Jakarta
16705,DKI Jakarta
16426,DKI Jakarta
17052,DKI Jakarta
17968,DKI Jakarta
16463,DKI Jakarta
13467,DKI Jakarta
16180,DKI Jakarta
12827,DKI Jakarta
13569,DKI Jakarta
18096,DKI Jakarta
13956,DKI Jakarta
14825,DKI Jakarta
14659,DKI Jakarta
17426,DKI Jakarta
15318,DKI Jakarta
16574,DKI Jakarta
17931,DKI Jakarta
13650,DKI Jakarta
17377,DKI Jakarta
17965,DKI Jakarta
13814,Jawa Barat
13731,DKI Jakarta
12662,Jawa Barat
13890,DKI Jakarta
14004,DKI Jakarta
12472,Jawa Barat
14506,DKI Jakarta
12432,Luar Jawa
14388,DKI Jakarta
13760,DKI Jakarta
13623,DKI Jakarta
14125,DKI Jakarta
14216,DKI Jakarta
12775,Luar Jawa
15150,DKI Jakarta
16352,DKI Jakarta
15673,DKI Jakarta
16504,DKI Jakarta
15624,DKI Jakarta
17105,DKI Jakarta
16010,DKI Jakarta
12452,Jawa Timur
14407,DKI Jakarta
13822,DKI Jakarta
14651,DKI Jakarta
15880,DKI Jakarta
13821,DKI Jakarta
16116,DKI Jakarta
15038,DKI Jakarta
12362,Luar Jawa
15159,DKI Jakarta
14221,DKI Jakarta
15856,DKI Jakarta
18260,DKI Jakarta
18139,DKI Jakarta
12500,Jawa Barat
14895,DKI Jakarta
18018,DKI Jakarta
14002,DKI Jakarta
16807,DKI Jakarta
12685,DI Yogyakarta
15823,DKI Jakarta
14121,DKI Jakarta
15271,DKI Jakarta
14198,DKI Jakarta
12638,Luar Jawa
16056,DKI Jakarta
15644,DKI Jakarta
16497,DKI Jakarta
16103,DKI Jakarta
17564,DKI Jakarta
16016,DKI Jakarta
18230,DKI Jakarta
12530,Jawa Barat
12479,Jawa Barat
14507,DKI Jakarta
15471,DKI Jakarta
17828,Luar Jawa
17063,DKI Jakarta
16494,DKI Jakarta
17649,DKI Jakarta
16612,DKI Jakarta
17883,DKI Jakarta
17917,DKI Jakarta
17027,DKI Jakarta
16678,DKI Jakarta
13510,DKI Jakarta
16239,DKI Jakarta
16869,DKI Jakarta
16168,DKI Jakarta
14076,DKI Jakarta
17619,DKI Jakarta
15526,DKI Jakarta
13124,DKI Jakarta
12579,DI Yogyakarta
16725,DKI Jakarta
13637,DKI Jakarta
17100,DKI Jakarta
15621,DKI Jakarta
12399,Luar Jawa
12721,DI Yogyakarta
13772,DKI Jakarta
16520,DKI Jakarta
17083,DKI Jakarta
14515,DKI Jakarta
16066,DKI Jakarta
14292,DKI Jakarta
16550,DKI Jakarta
14286,DKI Jakarta
17954,DKI Jakarta
12909,DKI Jakarta
13742,DKI Jakarta
16036,DKI Jakarta
12423,Luar Jawa
13521,DKI Jakarta
15953,DKI Jakarta
12718,DI Yogyakarta
13330,DKI Jakarta
14594,DKI Jakarta
15339,DKI Jakarta
15874,DKI Jakarta
16686,DKI Jakarta
15676,DKI Jakarta
17507,DKI Jakarta
13715,DKI Jakarta
12599,DI Yogyakarta
14175,DKI Jakarta
18188,DKI Jakarta
13102,DKI Jakarta
16915,DKI Jakarta
17398,DKI Jakarta
13461,DKI Jakarta
12933,DKI Jakarta
15965,DKI Jakarta
15291,DKI Jakarta
15228,DKI Jakarta
17062,DKI Jakarta
14866,DKI Jakarta
15713,DKI Jakarta
17537,DKI Jakarta
18036,DKI Jakarta
16156,DKI Jakarta
15163,DKI Jakarta
15227,DKI Jakarta
14587,DKI Jakarta
15704,DKI Jakarta
14484,DKI Jakarta
17006,DKI Jakarta
12594,Luar Jawa
15581,DKI Jakarta
14235,DKI Jakarta
18043,DKI Jakarta
12577,DI Yogyakarta
17655,DKI Jakarta
15239,DKI Jakarta
13552,DKI Jakarta
13243,DKI Jakarta
14664,DKI Jakarta
14514,DKI Jakarta
15527,DKI Jakarta
16511,DKI Jakarta
16594,DKI Jakarta
14206,DKI Jakarta
13880,DKI Jakarta
12476,Jawa Barat
16674,DKI Jakarta
16873,DKI Jakarta
13203,DKI Jakarta
13408,DKI Jakarta
14411,DKI Jakarta
14167,DKI Jakarta
12981,DKI Jakarta
15145,DKI Jakarta
12433,Luar Jawa
16081,DKI Jakarta
14397,DKI Jakarta
13777,DKI Jakarta
16744,DKI Jakarta
17097,Jawa Tengah
16791,DKI Jakarta
17686,DKI Jakarta
13455,DKI Jakarta
16655,DKI Jakarta
17769,DKI Jakarta
16422,DKI Jakarta
15503,DKI Jakarta
16900,DKI Jakarta
13669,DKI Jakarta
15725,DKI Jakarta
15674,DKI Jakarta
17913,DKI Jakarta
18225,DKI Jakarta
16333,DKI Jakarta
15117,DKI Jakarta
17555,DKI Jakarta
18106,DKI Jakarta
12347,Luar Jawa
13524,DKI Jakarta
13208,DKI Jakarta
17706,DKI Jakarta
16379,DKI Jakarta
13833,DKI Jakarta
14173,DKI Jakarta
14428,DKI Jakarta
15426,DKI Jakarta
17997,DKI Jakarta
18165,DKI Jakarta
12937,DKI Jakarta
13709,DKI Jakarta
16834,DKI Jakarta
16525,DKI Jakarta
13316,DKI Jakarta
17382,DKI Jakarta
14051,DKI Jakarta
15167,DKI Jakarta
12458,Jawa Timur
14655,DKI Jakarta
13078,DKI Jakarta
14775,DKI Jakarta
17139,DKI Jakarta
17364,DKI Jakarta
17551,DKI Jakarta
12824,DKI Jakarta
16592,DKI Jakarta
13314,DKI Jakarta
14305,DKI Jakarta
15376,DKI Jakarta
13110,DKI Jakarta
14745,DKI Jakarta
14179,DKI Jakarta
14511,DKI Jakarta
13803,DKI Jakarta
17975,DKI Jakarta
15074,DKI Jakarta
17994,DKI Jakarta
15079,DKI Jakarta
15707,DKI Jakarta
12572,Jawa Barat
16493,DKI Jakarta
15933,DKI Jakarta
17928,DKI Jakarta
16706,DKI Jakarta
13823,DKI Jakarta
15364,DKI Jakarta
18198,DKI Jakarta
17974,DKI Jakarta
16356,DKI Jakarta
13047,DKI Jakarta
14465,DKI Jakarta
17864,DKI Jakarta
15288,DKI Jakarta
12928,DKI Jakarta
13863,DKI Jakarta
14475,DKI Jakarta
13708,DKI Jakarta
18216,DKI Jakarta
18263,DKI Jakarta
16713,DKI Jakarta
17596,DKI Jakarta
15024,DKI Jakarta
15154,DKI Jakarta
12512,Luar Jawa
15907,DKI Jakarta
17719,DKI Jakarta
13186,DKI Jakarta
16676,DKI Jakarta
13037,DKI Jakarta
15919,DKI Jakarta
15241,DKI Jakarta
12578,Luar Jawa
15089,DKI Jakarta
14847,DKI Jakarta
17404,Luar Jawa
13971,DKI Jakarta
13294,DKI Jakarta
14553,DKI Jakarta
13134,DKI Jakarta
15034,DKI Jakarta
15327,DKI Jakarta
13500,DKI Jakarta
15057,DKI Jakarta
18205,DKI Jakarta
17084,DKI Jakarta
17521,DKI Jakarta
16242,DKI Jakarta
14779,DKI Jakarta
16105,DKI Jakarta
16903,DKI Jakarta
14733,DKI Jakarta
15850,DKI Jakarta
14972,DKI Jakarta
13014,DKI Jakarta
14201,DKI Jakarta
18167,DKI Jakarta
17360,DKI Jakarta
14700,DKI Jakarta
12982,DKI Jakarta
14336,DKI Jakarta
12348,Luar Jawa
14323,DKI Jakarta
15402,DKI Jakarta
17397,DKI Jakarta
17999,DKI Jakarta
13327,DKI Jakarta
16914,DKI Jakarta
14040,DKI Jakarta
15260,DKI Jakarta
14466,DKI Jakarta
16200,DKI Jakarta
13995,DKI Jakarta
16483,DKI Jakarta
14810,DKI Jakarta
16249,DKI Jakarta
16440,DKI Jakarta
14755,DKI Jakarta
14220,DKI Jakarta
15255,DKI Jakarta
13507,DKI Jakarta
15312,DKI Jakarta
13741,DKI Jakarta
18116,DKI Jakarta
13607,DKI Jakarta
16353,DKI Jakarta
17205,DKI Jakarta
15971,DKI Jakarta
14766,DKI Jakarta
14901,DKI Jakarta
15367,DKI Jakarta
13471,DKI Jakarta
13999,DKI Jakarta
14907,DKI Jakarta
13862,DKI Jakarta
15405,DKI Jakarta
17677,DKI Jakarta
13394,DKI Jakarta
13166,DKI Jakarta
16880,DKI Jakarta
17131,DKI Jakarta
14191,DKI Jakarta
15157,DKI Jakarta
16309,DKI Jakarta
15301,DKI Jakarta
14625,DKI Jakarta
16934,DKI Jakarta
14470,DKI Jakarta
14505,DKI Jakarta
14544,DKI Jakarta
13151,DKI Jakarta
16510,DKI Jakarta
15870,DKI Jakarta
18073,DKI Jakarta
12627,Jawa Barat
17870,DKI Jakarta
16823,DKI Jakarta
15898,DKI Jakarta
14434,DKI Jakarta
12708,Jawa Barat
15594,DKI Jakarta
17554,DKI Jakarta
16229,DKI Jakarta
16938,DKI Jakarta
16337,DKI Jakarta
15620,DKI Jakarta
12705,Jawa Barat
14920,DKI Jakarta
16775,DKI Jakarta
18179,DKI Jakarta
13744,DKI Jakarta
12949,DKI Jakarta
17904,DKI Jakarta
15220,DKI Jakarta
14099,DKI Jakarta
16685,DKI Jakarta
16692,DKI Jakarta
18196,DKI Jakarta
13435,DKI Jakarta
15556,DKI Jakarta
12910,DKI Jakarta
16134,DKI Jakarta
15243,DKI Jakarta
15114,DKI Jakarta
16795,DKI Jakarta
13546,DKI Jakarta
16407,DKI Jakarta
14030,DKI Jakarta
16470,DKI Jakarta
15494,DKI Jakarta
13758,DKI Jakarta
15622,DKI Jakarta
17058,DKI Jakarta
12854,DKI Jakarta
13425,DKI Jakarta
14666,DKI Jakarta
12536,DI Yogyakarta
12710,Jawa Barat
15411,DKI Jakarta
17073,DKI Jakarta
15249,DKI Jakarta
17545,DKI Jakarta
13495,DKI Jakarta
16185,DKI Jakarta
14088,DKI Jakarta
14916,DKI Jakarta
16960,DKI Jakarta
15111,DKI Jakarta
13213,DKI Jakarta
12939,DKI Jakarta
15533,DKI Jakarta
14215,DKI Jakarta
15636,DKI Jakarta
15203,DKI Jakarta
14038,DKI Jakarta
16766,DKI Jakarta
15004,DKI Jakarta
13028,DKI Jakarta
17288,DKI Jakarta
12406,Luar Jawa
12444,Luar Jawa
14467,DKI Jakarta
15214,DKI Jakarta
13097,DKI Jakarta
13266,DKI Jakarta
16782,DKI Jakarta
14299,DKI Jakarta
15386,DKI Jakarta
14498,DKI Jakarta
14729,DKI Jakarta
14232,DKI Jakarta
17857,DKI Jakarta
15984,DKI Jakarta
13113,DKI Jakarta
12839,DKI Jakarta
13212,DKI Jakarta
16837,DKI Jakarta
15675,DKI Jakarta
15407,DKI Jakarta
13414,DKI Jakarta
13368,DKI Jakarta
15576,DKI Jakarta
17576,DKI Jakarta
16801,DKI Jakarta
16266,DKI Jakarta
18013,DKI Jakarta
12607,Luar Jawa
17162,DKI Jakarta
13517,DKI Jakarta
12766,Luar Jawa
16221,DKI Jakarta
13309,DKI Jakarta
17242,DKI Jakarta
17858,DKI Jakarta
16140,DKI Jakarta
15457,DKI Jakarta
13499,DKI Jakarta
15525,DKI Jakarta
15349,DKI Jakarta
14356,DKI Jakarta
18041,DKI Jakarta
14379,DKI Jakarta
15574,DKI Jakarta
14998,DKI Jakarta
14083,DKI Jakarta
15643,DKI Jakarta
14410,DKI Jakarta
15062,DKI Jakarta
17702,DKI Jakarta
16587,DKI Jakarta
16072,DKI Jakarta
12781,Luar Jawa
12684,DI Yogyakarta
13198,DKI Jakarta
14243,DKI Jakarta
13675,DKI Jakarta
15009,DKI Jakarta
14401,DKI Jakarta
17812,DKI Jakarta
16898,DKI Jakarta
15530,DKI Jakarta
17400,DKI Jakarta
17049,DKI Jakarta
12454,Jawa Tengah
12787,Luar Jawa
14062,DKI Jakarta
13838,DKI Jakarta
17980,DKI Jakarta
15811,DKI Jakarta
13784,DKI Jakarta
15756,DKI Jakarta
12388,Luar Jawa
15531,DKI Jakarta
13761,DKI Jakarta
13735,DKI Jakarta
12832,DKI Jakarta
14583,DKI Jakarta
13627,DKI Jakarta
13224,DKI Jakarta
14723,DKI Jakarta
15809,DKI Jakarta
13566,DKI Jakarta
16348,DKI Jakarta
15365,DKI Jakarta
14701,DKI Jakarta
16570,DKI Jakarta
15522,DKI Jakarta
15545,DKI Jakarta
17892,DKI Jakarta
15014,DKI Jakarta
15144,DKI Jakarta
13077,DKI Jakarta
17050,DKI Jakarta
13220,DKI Jakarta
17204,DKI Jakarta
15952,DKI Jakarta
12462,Jawa Tengah
16205,DKI Jakarta
18154,DKI Jakarta
16817,DKI Jakarta
12420,Luar Jawa
12463,Luar Jawa
15464,DKI Jakarta
13178,DKI Jakarta
15240,DKI Jakarta
15321,DKI Jakarta
13012,DKI Jakarta
12672,DI Yogyakarta
15491,DKI Jakarta
18172,DKI Jakarta
13249,DKI Jakarta
12650,DI Yogyakarta
16019,DKI Jakarta
13634,DKI Jakarta
14142,DKI Jakarta
12652,DI Yogyakarta
13269,DKI Jakarta
12556,Jawa Tengah
15059,DKI Jakarta
16987,DKI Jakarta
14089,DKI Jakarta
16491,DKI Jakarta
12616,DI Yogyakarta
13936,DKI Jakarta
13344,DKI Jakarta
17277,DKI Jakarta
16012,DKI Jakarta
17839,DKI Jakarta
12631,Luar Jawa
13410,DKI Jakarta
13856,DKI Jakarta
13681,DKI Jakarta
16464,DKI Jakarta
12716,DI Yogyakarta
17651,DKI Jakarta
13267,DKI Jakarta
17566,DKI Jakarta
17595,DKI Jakarta
13774,DKI Jakarta
17179,DKI Jakarta
14958,DKI Jakarta
13395,DKI Jakarta
12901,DKI Jakarta
17243,DKI Jakarta
13897,DKI Jakarta
13762,DKI Jakarta
15253,DKI Jakarta
16361,DKI Jakarta
13153,DKI Jakarta
15156,DKI Jakarta
13033,DKI Jakarta
17158,DKI Jakarta
15549,DKI Jakarta
12647,Jawa Barat
16444,DKI Jakarta
15292,DKI Jakarta
16049,DKI Jakarta
13711,DKI Jakarta
16460,DKI Jakarta
17298,DKI Jakarta
13268,DKI Jakarta
13632,DKI Jakarta
12747,DKI Jakarta
14138,DKI Jakarta
15373,DKI Jakarta
15370,DKI Jakarta
12408,Luar Jawa
12883,DKI Jakarta
16905,DKI Jakarta
14675,DKI Jakarta
17786,DKI Jakarta
16015,DKI Jakarta
17690,DKI Jakarta
13924,DKI Jakarta
16442,DKI Jakarta
17519,DKI Jakarta
16912,DKI Jakarta
12947,DKI Jakarta
16764,DKI Jakarta
13606,DKI Jakarta
16843,DKI Jakarta
12642,Jawa Barat
17894,DKI Jakarta
17373,DKI Jakarta
16413,DKI Jakarta
13594,DKI Jakarta
17526,DKI Jakarta
13305,DKI Jakarta
15408,DKI Jakarta
15406,DKI Jakarta
12397,Luar Jawa
16414,DKI Jakarta
12988,DKI Jakarta
14844,DKI Jakarta
17090,DKI Jakarta
12528,Jawa Barat
16145,DKI Jakarta
17977,DKI Jakarta
15716,DKI Jakarta
14897,DKI Jakarta
12611,Luar Jawa
13093,DKI Jakarta
16485,DKI Jakarta
14082,DKI Jakarta
17459,DKI Jakarta
13145,DKI Jakarta
12878,DKI Jakarta
17172,DKI Jakarta
17247,DKI Jakarta
17450,DKI Jakarta
16607,DKI Jakarta
14710,DKI Jakarta
12993,DKI Jakarta
15768,DKI Jakarta
13883,DKI Jakarta
18109,DKI Jakarta
16554,DKI Jakarta
15948,DKI Jakarta
15110,DKI Jakarta
12473,Jawa Barat
17321,DKI Jakarta
13808,DKI Jakarta
13026,DKI Jakarta
14561,DKI Jakarta
13877,DKI Jakarta
13271,DKI Jakarta
13421,DKI Jakarta
13362,DKI Jakarta
12514,Luar Jawa
12589,DI Yogyakarta
14352,DKI Jakarta
17696,DKI Jakarta
14653,DKI Jakarta
14057,DKI Jakarta
13755,DKI Jakarta
12501,Jawa Barat
12682,DI Yogyakarta
15152,DKI Jakarta
12656,DI Yogyakarta
14304,DKI Jakarta
14130,DKI Jakarta
12940,DKI Jakarta
12360,Luar Jawa
16745,DKI Jakarta
16071,DKI Jakarta
14529,DKI Jakarta
17861,DKI Jakarta
16533,DKI Jakarta
13851,DKI Jakarta
15348,DKI Jakarta
13177,DKI Jakarta
16376,DKI Jakarta
17516,DKI Jakarta
12428,Luar Jawa
18121,DKI Jakarta
15738,DKI Jakarta
13869,DKI Jakarta
17463,DKI Jakarta
17173,DKI Jakarta
16052,DKI Jakarta
13563,DKI Jakarta
17614,DKI Jakarta
12421,Jawa Tengah
16059,DKI Jakarta
14277,DI Yogyakarta
18101,DKI Jakarta
12779,Luar Jawa
17203,DKI Jakarta
14214,DKI Jakarta
12712,Jawa Barat
17372,DKI Jakarta
18237,DKI Jakarta
15380,DKI Jakarta
12560,Jawa Barat
16098,DKI Jakarta
15281,DKI Jakarta
16110,DKI Jakarta
14108,DKI Jakarta
13562,DKI Jakarta
17758,DKI Jakarta
13950,DKI Jakarta
16126,DKI Jakarta
14127,DKI Jakarta
13786,DKI Jakarta
17126,DKI Jakarta
14644,DKI Jakarta
17515,DKI Jakarta
16567,DKI Jakarta
15394,DKI Jakarta
17612,DKI Jakarta
17724,DKI Jakarta
13827,DKI Jakarta
18231,DKI Jakarta
13983,DKI Jakarta
16469,DKI Jakarta
17428,DKI Jakarta
12906,DKI Jakarta
14419,DKI Jakarta
14656,DKI Jakarta
15332,Luar Jawa
13575,DKI Jakarta
16385,DKI Jakarta
15720,DKI Jakarta
14177,DKI Jakarta
16715,DKI Jakarta
17379,DKI Jakarta
15412,DKI Jakarta
13533,DKI Jakarta
15763,DKI Jakarta
12695,DI Yogyakarta
13652,DKI Jakarta
17642,DKI Jakarta
17221,DKI Jakarta
12640,DI Yogyakarta
18156,DKI Jakarta
12630,Luar Jawa
14963,DKI Jakarta
15568,DKI Jakarta
13884,DKI Jakarta
15514,DKI Jakarta
16324,DKI Jakarta
17368,DKI Jakarta
14404,DKI Jakarta
14965,DKI Jakarta
17573,DKI Jakarta
16595,DKI Jakarta
12657,DI Yogyakarta
14289,DKI Jakarta
13602,DKI Jakarta
18022,DKI Jakarta
15750,DKI Jakarta
18016,DKI Jakarta
13555,DKI Jakarta
13736,DKI Jakarta
16701,DKI Jakarta
16386,DKI Jakarta
15679,DKI Jakarta
15835,DKI Jakarta
17905,DKI Jakarta
15780,DKI Jakarta
18094,DKI Jakarta
16902,DKI Jakarta
16895,DKI Jakarta
14077,DKI Jakarta
13013,DKI Jakarta
17859,DKI Jakarta
14293,DKI Jakarta
17287,DKI Jakarta
17302,DKI Jakarta
13298,DKI Jakarta
14870,DKI Jakarta
15296,DKI Jakarta
16482,DKI Jakarta
14762,DKI Jakarta
17086,DKI Jakarta
16131,DKI Jakarta
17232,DKI Jakarta
13340,DKI Jakarta
15274,DKI Jakarta
14102,DKI Jakarta
17085,DKI Jakarta
14851,DKI Jakarta
13146,DKI Jakarta
13576,DKI Jakarta
15134,DKI Jakarta
13931,DKI Jakarta
15320,DKI Jakarta
17659,DKI Jakarta
17695,DKI Jakarta
13397,DKI Jakarta
14013,DKI Jakarta
17797,DKI Jakarta
13919,Luar Jawa
13824,DKI Jakarta
15398,DKI Jakarta
17890,DKI Jakarta
17381,DKI Jakarta
15002,DKI Jakarta
14223,DKI Jakarta
13769,DKI Jakarta
14878,DKI Jakarta
12430,Luar Jawa
16682,DKI Jakarta
12664,Luar Jawa
15124,DKI Jakarta
15839,DKI Jakarta
12371,Jawa Timur
17552,DKI Jakarta
14047,DKI Jakarta
16503,DKI Jakarta
12545,Jawa Tengah
18099,DKI Jakarta
16184,DKI Jakarta
17504,DKI Jakarta
14665,DKI Jakarta
13233,DKI Jakarta
17863,DKI Jakarta
16916,DKI Jakarta
13816,Jawa Barat
16057,DKI Jakarta
15277,DKI Jakarta
15983,DKI Jakarta
16362,DKI Jakarta
14451,DKI Jakarta
17970,DKI Jakarta
15508,DKI Jakarta
17744,DKI Jakarta
15981,DKI Jakarta
12837,DKI Jakarta
15694,DKI Jakarta
16557,DKI Jakarta
16107,DKI Jakarta
17979,DKI Jakarta
13468,DKI Jakarta
17984,DKI Jakarta
17048,DKI Jakarta
16985,DKI Jakarta
12994,DKI Jakarta
15054,DKI Jakarta
17685,DKI Jakarta
16030,DKI Jakarta
13878,DKI Jakarta
14976,DKI Jakarta
17705,DKI Jakarta
14829,DKI Jakarta
17237,DKI Jakarta
12418,Jawa Timur
17290,DKI Jakarta
18006,DKI Jakarta
17214,DKI Jakarta
13959,DKI Jakarta
15185,DKI Jakarta
17333,DKI Jakarta
13487,DKI Jakarta
17370,DKI Jakarta
18056,DKI Jakarta
16210,DKI Jakarta
16556,DKI Jakarta
14053,DKI Jakarta
17835,DKI Jakarta
13771,DKI Jakarta
13085,DKI Jakarta
13376,DKI Jakarta
17001,DKI Jakarta
13732,DKI Jakarta
13842,DKI Jakarta
14950,DKI Jakarta
14132,DKI Jakarta
13947,DKI Jakarta
14784,DKI Jakarta
17387,DKI Jakarta
14910,DKI Jakarta
15764,DKI Jakarta
17731,DKI Jakarta
14554,DKI Jakarta
18075,DKI Jakarta
16114,DKI Jakarta
13991,DKI Jakarta
14508,DKI Jakarta
15812,DKI Jakarta
17561,DKI Jakarta
13477,DKI Jakarta
15632,DKI Jakarta
14626,DKI Jakarta
13418,DKI Jakarta
17806,DKI Jakarta
13363,DKI Jakarta
14837,DKI Jakarta
15012,DKI Jakarta
14390,DKI Jakarta
15806,DKI Jakarta
14657,DKI Jakarta
15504,DKI Jakarta
16023,DKI Jakarta
13192,DKI Jakarta
17730,DKI Jakarta
13436,DKI Jakarta
17075,DKI Jakarta
15797,DKI Jakarta
15903,DKI Jakarta
15827,DKI Jakarta
16311,DKI Jakarta
13422,DKI Jakarta
16271,DKI Jakarta
15100,DKI Jakarta
16477,DKI Jakarta
17629,DKI Jakarta
14805,DKI Jakarta
14541,DKI Jakarta
17574,DKI Jakarta
13534,DKI Jakarta
15608,DKI Jakarta
14970,DKI Jakarta
15254,DKI Jakarta
15910,DKI Jakarta
15122,DKI Jakarta
17644,DKI Jakarta
13159,DKI Jakarta
17095,DKI Jakarta
13448,DKI Jakarta
15244,DKI Jakarta
15298,DKI Jakarta
13941,DKI Jakarta
17936,DKI Jakarta
14346,DKI Jakarta
15830,DKI Jakarta
15699,DKI Jakarta
15506,DKI Jakarta
14640,DKI Jakarta
17774,DKI Jakarta
17877,DKI Jakarta
12714,DI Yogyakarta
16201,DKI Jakarta
17228,DKI Jakarta
17311,DKI Jakarta
14629,DKI Jakarta
16600,DKI Jakarta
16747,DKI Jakarta
12970,DKI Jakarta
18164,DKI Jakarta
15415,DKI Jakarta
15834,DKI Jakarta
14636,DKI Jakarta
17593,DKI Jakarta
13629,DKI Jakarta
13927,DKI Jakarta
16571,DKI Jakarta
12413,DI Yogyakarta
13593,DKI Jakarta
17958,DKI Jakarta
13083,DKI Jakarta
13370,DKI Jakarta
17371,DKI Jakarta
15076,DKI Jakarta
15950,DKI Jakarta
13157,DKI Jakarta
13523,DKI Jakarta
15434,DKI Jakarta
12877,DKI Jakarta
16236,DKI Jakarta
14163,DKI Jakarta
15634,DKI Jakarta
12478,Luar Jawa
14841,DKI Jakarta
13437,DKI Jakarta
14591,DKI Jakarta
17227,DKI Jakarta
16005,DKI Jakarta
17594,DKI Jakarta
12991,DKI Jakarta
12758,Luar Jawa
15143,DKI Jakarta
18044,DKI Jakarta
16142,DKI Jakarta
18061,DKI Jakarta
17344,DKI Jakarta
13952,DKI Jakarta
14282,DKI Jakarta
17037,DKI Jakarta
12453,Luar Jawa
16531,DKI Jakarta
13536,DKI Jakarta
16341,DKI Jakarta
16270,DKI Jakarta
13799,DKI Jakarta
16316,DKI Jakarta
13109,DKI Jakarta
17837,DKI Jakarta
17155,DKI Jakarta
17749,DKI Jakarta
13990,DKI Jakarta
17557,DKI Jakarta
12625,Jawa Barat
12641,Luar Jawa
17002,DKI Jakarta
13384,DKI Jakarta
14593,DKI Jakarta
15599,DKI Jakarta
14978,DKI Jakarta
15596,DKI Jakarta
16850,DKI Jakarta
16859,DKI Jakarta
12449,Luar Jawa
13518,DKI Jakarta
15853,DKI Jakarta
18033,DKI Jakarta
12808,Luar Jawa
18192,DKI Jakarta
17562,DKI Jakarta
16347,DKI Jakarta
12502,Jawa Tengah
16734,DKI Jakarta
12717,Luar Jawa
14522,DKI Jakarta
17325,DKI Jakarta
13647,DKI Jakarta
16031,DKI Jakarta
16884,DKI Jakarta
17816,DKI Jakarta
15769,DKI Jakarta
17669,DKI Jakarta
15275,DKI Jakarta
16445,DKI Jakarta
15573,DKI Jakarta
16172,DKI Jakarta
14251,DKI Jakarta
17293,DKI Jakarta
16573,DKI Jakarta
14157,DKI Jakarta
16458,DKI Jakarta
17462,DKI Jakarta
17946,DKI Jakarta
12990,DKI Jakarta
14744,DKI Jakarta
17313,DKI Jakarta
14532,DKI Jakarta
12707,DI Yogyakarta
13782,DKI Jakarta
15502,DKI Jakarta
16416,DKI Jakarta
16427,DKI Jakarta
17819,DKI Jakarta
16750,DKI Jakarta
16897,DKI Jakarta
15129,DKI Jakarta
14904,DKI Jakarta
14852,DKI Jakarta
14720,DKI Jakarta
13273,DKI Jakarta
17329,DKI Jakarta
14472,DKI Jakarta
14321,DKI Jakarta
13000,DKI Jakarta
13728,DKI Jakarta
15641,DKI Jakarta
12379,Luar Jawa
14044,DKI Jakarta
13611,DKI Jakarta
15071,DKI Jakarta
16101,DKI Jakarta
17615,DKI Jakarta
16563,DKI Jakarta
14887,DKI Jakarta
13955,DKI Jakarta
13396,DKI Jakarta
13752,DKI Jakarta
14224,DKI Jakarta
17189,DKI Jakarta
17793,DKI Jakarta
13184,DKI Jakarta
15368,DKI Jakarta
15677,DKI Jakarta
14896,DKI Jakarta
18185,DKI Jakarta
12409,Jawa Timur
15440,DKI Jakarta
13642,DKI Jakarta
17691,DKI Jakarta
15036,DKI Jakarta
12965,DKI Jakarta
14064,DKI Jakarta
12550,Jawa Tengah
18210,DKI Jakarta
13889,DKI Jakarta
15645,DKI Jakarta
15454,DKI Jakarta
14329,DKI Jakarta
14948,DKI Jakarta
14152,DKI Jakarta
14256,DKI Jakarta
16805,DKI Jakarta
13453,DKI Jakarta
16621,DKI Jakarta
16965,DKI Jakarta
17061,DKI Jakarta
13279,DKI Jakarta
16968,DKI Jakarta
15994,DKI Jakarta
17873,DKI Jakarta
16582,DKI Jakarta
15755,DKI Jakarta
13239,DKI Jakarta
17115,DKI Jakarta
13016,DKI Jakarta
18136,DKI Jakarta
12674,DI Yogyakarta
16921,DKI Jakarta
14158,DKI Jakarta
15967,DKI Jakarta
12792,Luar Jawa
12793,Luar Jawa
14985,DKI Jakarta
15115,DKI Jakarta
12923,DKI Jakarta
13508,DKI Jakarta
18126,DKI Jakarta
16321,Luar Jawa
17580,DKI Jakarta
17495,DKI Jakarta
16466,DKI Jakarta
15392,DKI Jakarta
17672,DKI Jakarta
17623,DKI Jakarta
12613,Jawa Barat
13379,DKI Jakarta
18255,DKI Jakarta
15105,DKI Jakarta
14853,DKI Jakarta
16513,DKI Jakarta
16518,DKI Jakarta
14301,DKI Jakarta
17017,DKI Jakarta
14267,DKI Jakarta
12834,DKI Jakarta
15444,DKI Jakarta
16108,DKI Jakarta
16949,DKI Jakarta
14396,DKI Jakarta
17259,DKI Jakarta
15113,DKI Jakarta
15090,DKI Jakarta
17035,DKI Jakarta
15976,DKI Jakarta
13091,DKI Jakarta
15787,DKI Jakarta
12769,Luar Jawa
15410,DKI Jakarta
12592,Jawa Barat
18067,DKI Jakarta
12623,Jawa Barat
17444,Luar Jawa
16825,DKI Jakarta
12676,Luar Jawa
14988,DKI Jakarta
12475,Jawa Barat
16253,DKI Jakarta
14146,DKI Jakarta
15955,DKI Jakarta
13933,DKI Jakarta
15265,DKI Jakarta
17608,DKI Jakarta
13914,DKI Jakarta
12944,DKI Jakarta
15845,DKI Jakarta
14161,DKI Jakarta
13334,DKI Jakarta
13908,DKI Jakarta
16551,DKI Jakarta
18241,DKI Jakarta
16653,DKI Jakarta
12429,Luar Jawa
14534,DKI Jakarta
17716,DKI Jakarta
18226,DKI Jakarta
15147,DKI Jakarta
13993,DKI Jakarta
13122,DKI Jakarta
18161,DKI Jakarta
17692,DKI Jakarta
12778,Luar Jawa
13244,DKI Jakarta
17469,DKI Jakarta
13673,DKI Jakarta
13621,DKI Jakarta
12797,Luar Jawa
16767,DKI Jakarta
15681,DKI Jakarta
15671,DKI Jakarta
16618,DKI Jakarta
16113,DKI Jakarta
14443,DKI Jakarta
16212,DKI Jakarta
17676,DKI Jakarta
14735,DKI Jakarta
12546,Jawa Tengah
12558,Luar Jawa
14543,DKI Jakarta
16358,DKI Jakarta
14662,DKI Jakarta
12847,DKI Jakarta
17351,DKI Jakarta
15980,DKI Jakarta
14592,DKI Jakarta
17409,DKI Jakarta
13868,DKI Jakarta
13225,DKI Jakarta
15469,DKI Jakarta
17836,DKI Jakarta
14967,DKI Jakarta
16395,DKI Jakarta
12615,DI Yogyakarta
16479,DKI Jakarta
15796,DKI Jakarta
18180,DKI Jakarta
14893,DKI Jakarta
16252,DKI Jakarta
17914,DKI Jakarta
14997,DKI Jakarta
13064,DKI Jakarta
13034,DKI Jakarta
15814,DKI Jakarta
17618,DKI Jakarta
14817,DKI Jakarta
13722,DKI Jakarta
13730,DKI Jakarta
16017,DKI Jakarta
13759,DKI Jakarta
13564,DKI Jakarta
14875,DKI Jakarta
16996,DKI Jakarta
13707,DKI Jakarta
13750,DKI Jakarta
13845,DKI Jakarta
15465,DKI Jakarta
14164,DKI Jakarta
14141,DKI Jakarta
17988,DKI Jakarta
17720,DKI Jakarta
17950,DKI Jakarta
13168,DKI Jakarta
16099,DKI Jakarta
17603,DKI Jakarta
15304,DKI Jakarta
15329,DKI Jakarta
14620,DKI Jakarta
12876,Luar Jawa
13044,DKI Jakarta
14808,DKI Jakarta
17286,DKI Jakarta
14012,DKI Jakarta
16384,DKI Jakarta
17461,DKI Jakarta
12645,Jawa Barat
15990,DKI Jakarta
16217,DKI Jakarta
12364,Luar Jawa
15858,DKI Jakarta
12697,Luar Jawa
13479,DKI Jakarta
15837,DKI Jakarta
14335,Jawa Barat
13501,Jawa Timur
15027,DKI Jakarta
15360,DKI Jakarta
12488,DI Yogyakarta
17248,DKI Jakarta
15813,DKI Jakarta
16800,DKI Jakarta
18259,DKI Jakarta
14921,DKI Jakarta
16317,DKI Jakarta
16351,DKI Jakarta
16383,DKI Jakarta
16637,DKI Jakarta
16283,DKI Jakarta
15819,DKI Jakarta
15099,DKI Jakarta
14020,DKI Jakarta
13926,DKI Jakarta
16284,DKI Jakarta
15881,DKI Jakarta
17183,DKI Jakarta
15468,DKI Jakarta
15847,DKI Jakarta
14929,DKI Jakarta
18024,DKI Jakarta
16224,DKI Jakarta
16191,DKI Jakarta
14954,DKI Jakarta
18015,DKI Jakarta
18117,DKI Jakarta
13898,DKI Jakarta
17843,DKI Jakarta
15891,DKI Jakarta
16773,DKI Jakarta
14265,Luar Jawa
14681,DKI Jakarta
17314,DKI Jakarta
16136,DKI Jakarta
12754,Luar Jawa
14477,DKI Jakarta
12468,Jawa Barat
12980,DKI Jakarta
17579,DKI Jakarta
15482,DKI Jakarta
15585,DKI Jakarta
18211,DKI Jakarta
13481,DKI Jakarta
12377,Jawa Timur
16893,DKI Jakarta
13678,DKI Jakarta
12820,DKI Jakarta
15800,DKI Jakarta
14959,DKI Jakarta
17832,DKI Jakarta
12851,DKI Jakarta
17930,DKI Jakarta
14309,DKI Jakarta
15205,DKI Jakarta
17884,DKI Jakarta
18092,DKI Jakarta
15664,DKI Jakarta
12683,DI Yogyakarta
17481,DKI Jakarta
12519,Jawa Barat
13860,DKI Jakarta
16933,DKI Jakarta
12669,DI Yogyakarta
15611,DKI Jakarta
15065,DKI Jakarta
15235,DKI Jakarta
15022,DKI Jakarta
13867,DKI Jakarta
16891,DKI Jakarta
15730,DKI Jakarta
14290,DKI Jakarta
16480,DKI Jakarta
13659,DKI Jakarta
16652,DKI Jakarta
18239,DKI Jakarta
14676,DKI Jakarta
18104,DKI Jakarta
12515,Luar Jawa
15053,DKI Jakarta
17299,DKI Jakarta
15592,DKI Jakarta
14045,DKI Jakarta
15353,DKI Jakarta
16043,DKI Jakarta
14217,DKI Jakarta
17648,DKI Jakarta
13486,DKI Jakarta
15987,DKI Jakarta
17772,DKI Jakarta
14915,DKI Jakarta
17376,DKI Jakarta
15450,DKI Jakarta
18014,DKI Jakarta
16258,DKI Jakarta
17880,DKI Jakarta
14550,DKI Jakarta
17542,DKI Jakarta
16778,DKI Jakarta
15602,DKI Jakarta
14188,DKI Jakarta
16515,DKI Jakarta
13695,DKI Jakarta
17893,DKI Jakarta
17850,DKI Jakarta
13032,DKI Jakarta
12838,DKI Jakarta
13187,DKI Jakarta
15872,DKI Jakarta
13439,DKI Jakarta
16213,DKI Jakarta
14165,DKI Jakarta
17323,DKI Jakarta
14715,DKI Jakarta
14536,DKI Jakarta
12491,DI Yogyakarta
14245,DKI Jakarta
17289,DKI Jakarta
12425,Luar Jawa
14818,DKI Jakarta
17470,DKI Jakarta
13282,DKI Jakarta
14859,DKI Jakarta
14801,DKI Jakarta
15862,DKI Jakarta
18127,DKI Jakarta
16175,DKI Jakarta
13614,DKI Jakarta
14621,DKI Jakarta
15201,DKI Jakarta
12585,Jawa Barat
15584,DKI Jakarta
14035,DKI Jakarta
13475,DKI Jakarta
14300,DKI Jakarta
14560,DKI Jakarta
16164,DKI Jakarta
15978,DKI Jakarta
16402,DKI Jakarta
15669,DKI Jakarta
13802,DKI Jakarta
17109,DKI Jakarta
12391,Luar Jawa
13162,DKI Jakarta
15807,DKI Jakarta
15136,DKI Jakarta
17154,DKI Jakarta
14570,DKI Jakarta
13052,DKI Jakarta
15322,DKI Jakarta
13072,DKI Jakarta
13939,DKI Jakarta
18200,DKI Jakarta
15422,DKI Jakarta
18143,DKI Jakarta
16688,DKI Jakarta
16602,DKI Jakarta
13351,DKI Jakarta
12985,DKI Jakarta
16942,DKI Jakarta
13982,DKI Jakarta
14009,DKI Jakarta
15133,DKI Jakarta
17795,DKI Jakarta
16770,DKI Jakarta
12412,Luar Jawa
13656,DKI Jakarta
13116,DKI Jakarta
13318,DKI Jakarta
13639,DKI Jakarta
12963,DKI Jakarta
14584,DKI Jakarta
15626,DKI Jakarta
17962,DKI Jakarta
15050,DKI Jakarta
15194,DKI Jakarta
15245,DKI Jakarta
12654,Jawa Barat
15456,DKI Jakarta
15692,DKI Jakarta
14208,DKI Jakarta
12356,Luar Jawa
14052,DKI Jakarta
17236,DKI Jakarta
18144,DKI Jakarta
12609,Jawa Barat
13359,DKI Jakarta
14696,DKI Jakarta
14857,DKI Jakarta
13245,DKI Jakarta
16244,DKI Jakarta
16040,DKI Jakarta
15366,DKI Jakarta
18218,DKI Jakarta
16345,DKI Jakarta
15722,DKI Jakarta
14585,DKI Jakarta
13285,DKI Jakarta
17670,DKI Jakarta
14856,DKI Jakarta
15492,DKI Jakarta
14087,DKI Jakarta
13385,DKI Jakarta
16769,DKI Jakarta
14722,DKI Jakarta
16204,DKI Jakarta
14697,DKI Jakarta
14540,DKI Jakarta
16350,DKI Jakarta
16330,DKI Jakarta
14236,DKI Jakarta
17193,DKI Jakarta
13549,DKI Jakarta
13849,DKI Jakarta
13651,DKI Jakarta
17848,DKI Jakarta
16094,DKI Jakarta
12526,Jawa Barat
16650,DKI Jakarta
17824,DKI Jakarta
15232,DKI Jakarta
14211,DKI Jakarta
18078,DKI Jakarta
16553,DKI Jakarta
14359,DKI Jakarta
13655,DKI Jakarta
15279,DKI Jakarta
16449,DKI Jakarta
15660,DKI Jakarta
15315,DKI Jakarta
15069,DKI Jakarta
16722,DKI Jakarta
17429,DKI Jakarta
17175,DKI Jakarta
15840,DKI Jakarta
18053,DKI Jakarta
13403,DKI Jakarta
16517,DKI Jakarta
12727,DI Yogyakarta
14813,DKI Jakarta
14966,DKI Jakarta
14854,DKI Jakarta
17265,DKI Jakarta
18269,DKI Jakarta
13474,DKI Jakarta
16951,DKI Jakarta
12704,Luar Jawa
15276,DKI Jakarta
17169,DKI Jakarta
15739,DKI Jakarta
15916,DKI Jakarta
17624,DKI Jakarta
17891,DKI Jakarta
12576,Luar Jawa
16203,DKI Jakarta
12759,Luar Jawa
17053,DKI Jakarta
12635,Jawa Barat
15429,DKI Jakarta
15822,DKI Jakarta
13706,DKI Jakarta
15912,DKI Jakarta
14953,DKI Jakarta
16121,DKI Jakarta
17489,DKI Jakarta
15325,DKI Jakarta
14418,DKI Jakarta
15712,DKI Jakarta
16186,DKI Jakarta
16536,DKI Jakarta
14285,DKI Jakarta
14048,DKI Jakarta
17886,DKI Jakarta
15785,DKI Jakarta
12821,DKI Jakarta
16406,DKI Jakarta
14689,DKI Jakarta
14488,DKI Jakarta
17250,DKI Jakarta
16374,DKI Jakarta
15088,DKI Jakarta
14227,DKI Jakarta
17779,DKI Jakarta
15865,DKI Jakarta
14739,DKI Jakarta
17514,DKI Jakarta
12569,Jawa Barat
16913,DKI Jakarta
16275,DKI Jakarta
16806,DKI Jakarta
17096,DKI Jakarta
14578,DKI Jakarta
13372,DKI Jakarta
14364,DKI Jakarta
16647,DKI Jakarta
12938,DKI Jakarta
13038,DKI Jakarta
15895,DKI Jakarta
17357,DKI Jakarta
16272,DKI Jakarta
12729,DI Yogyakarta
14513,DKI Jakarta
17897,DKI Jakarta
14284,DKI Jakarta
16183,DKI Jakarta
17034,DKI Jakarta
12828,DKI Jakarta
14149,DKI Jakarta
17367,DKI Jakarta
16979,DKI Jakarta
16409,DKI Jakarta
16882,DKI Jakarta
17088,DKI Jakarta
17732,DKI Jakarta
14670,DKI Jakarta
15900,DKI Jakarta
15925,DKI Jakarta
16193,DKI Jakarta
16424,DKI Jakarta
13476,DKI Jakarta
14409,DKI Jakarta
17160,DKI Jakarta
17862,DKI Jakarta
16616,DKI Jakarta
15433,DKI Jakarta
16959,DKI Jakarta
17402,DKI Jakarta
17951,DKI Jakarta
13875,DKI Jakarta
14595,DKI Jakarta
13046,DKI Jakarta
16026,DKI Jakarta
16034,DKI Jakarta
15958,DKI Jakarta
13325,DKI Jakarta
17111,DKI Jakarta
14015,DKI Jakarta
17282,DKI Jakarta
18261,DKI Jakarta
18257,DKI Jakarta
12510,Jawa Tengah
16198,DKI Jakarta
16235,DKI Jakarta
